player_id,player,position,team,opp_team,expected,median,sd,floor_p10,ceiling_p90
00-0034857,Josh Allen,QB,BUF,KC,22.345885618208314,22.158536338436683,7.5473420847308885,12.806210120156715,32.0696893494661
00-0033280,Christian McCaffrey,RB,SF,NYG,22.32741392126828,22.278479384470785,6.551081417248495,13.765644380950826,30.832875378513588
00-0036900,Ja'Marr Chase,WR,CIN,CHI,22.174320999072588,22.163876416381648,6.408381152343774,14.060953146467229,30.349068477067675
00-0036223,Jonathan Taylor,RB,IND,PIT,20.954837977010147,20.984407206044096,6.221071139500904,12.965429213389724,28.96492892608815
00-0033873,Patrick Mahomes,QB,KC,BUF,19.87122888498575,19.72193978150611,7.570559090563384,10.294152197077167,29.57823337244378
00-0039851,Drake Maye,QB,NE,ATL,19.764848111969346,19.84738962613673,7.618033646405621,10.004679013290925,29.61087158035507
00-0034796,Lamar Jackson,QB,BAL,MIA,19.669927757140535,19.73438681131588,7.63015142066239,9.907407769296054,29.514769677026273
00-0036963,Amon-Ra St. Brown,WR,DET,MIN,19.38363047155978,19.388926643658316,6.299401758570483,11.260253511045258,27.463211501409997
00-0033077,Dak Prescott,QB,DAL,ARI,19.35170129088431,19.34609400383544,7.59627835640856,9.508364819927525,28.9500986324745
00-0039139,Jahmyr Gibbs,RB,DET,MIN,19.28484466461575,19.312083168807973,6.120806777605485,11.489715794249479,27.174691368942554
00-0026158,Joe Flacco,QB,CIN,CHI,18.491827203950432,18.70548187945733,7.709141067116785,8.648699883851991,28.469855023418596
00-0033106,Jared Goff,QB,DET,MIN,18.486826118921766,18.454786578449397,7.611784725008725,8.74977845691718,28.083540657605766
00-0039732,Bo Nix,QB,DEN,HOU,18.381507547430704,18.373895562374223,7.614697597953948,8.573459203870401,28.31874731451736
00-0038543,Jaxon Smith-Njigba,WR,SEA,WAS,18.052382186116677,18.067579232070514,6.316338095481576,9.865923077921217,26.163426155404263
00-0039910,Jayden Daniels,QB,WAS,SEA,18.051090599761473,18.07394363332894,7.61948593247684,8.068711502219266,27.284536578609142
00-0036355,Justin Herbert,QB,LAC,TEN,17.881229144282944,17.859035404490903,7.449922874752016,8.48068982941738,27.381950387814687
00-0039040,De'Von Achane,RB,MIA,BAL,17.838432501440604,17.712411519063007,6.176376097525982,9.96384959339375,25.723505852044667
00-0036971,Trevor Lawrence,QB,JAX,LV,17.38350925721753,17.463914048862982,7.371705790222877,7.868302661423692,26.772461439559347
00-0036264,Jordan Love,QB,GB,CAR,17.36761592986991,17.38359549869021,7.700665397217316,7.4398940777286935,27.11957138875149
00-0036358,CeeDee Lamb,WR,DAL,ARI,17.14510368598937,17.137820769251576,6.402722747750976,9.078688495180556,25.593142899732484
00-0040691,Jaxson Dart,QB,NYG,SF,17.09197020322016,17.04976588355151,7.5507203592195244,7.240020789972953,26.59483693093845
00-0038542,Bijan Robinson,RB,ATL,NE,17.002697186952098,16.972697721118855,6.003422836147346,9.324746831640327,24.660808519386215
00-0039075,Puka Nacua,WR,LA,NO,16.95775475188622,17.0247700777957,6.349171053400551,8.857298151510046,25.050418631632773
00-0026498,Matthew Stafford,QB,LA,NO,16.95273412654565,16.9783976243511,7.516746997581139,7.360549981573187,26.496978693099326
00-0039918,Caleb Williams,QB,CHI,CIN,16.639405863481503,16.5188252312922,7.557269716460022,7.107719938298377,26.32059998171576
00-0036322,Justin Jefferson,WR,MIN,DET,16.504300237166746,16.567356166676547,6.5117749680338255,8.336828672926812,24.807116325602166
00-0039067,Rashee Rice,WR,KC,BUF,16.390039330699054,16.157670580943694,6.614788274938392,8.133716469280309,25.139510443874535
00-0039163,C.J. Stroud,QB,HOU,DEN,16.34811148948551,16.310215009924868,7.444615456198407,6.910119680773792,25.878713226112342
00-0023459,Aaron Rodgers,QB,PIT,IND,16.12820263082282,16.2789819618676,7.530371711063526,6.2375154338330745,25.571263676867403
00-0037248,James Cook,RB,BUF,KC,16.099830772680598,16.145126770827073,6.179611964091493,8.27668713443163,24.037687595050144
00-0036212,Tua Tagovailoa,QB,MIA,BAL,15.925565348676145,15.875142258613835,7.632806228085601,5.837110903381904,25.7006083823141
00-0035700,Josh Jacobs,RB,GB,CAR,15.706375094463109,15.698700658830571,6.270857168042847,7.641516047020418,23.823099563030222
00-0034869,Sam Darnold,QB,SEA,WAS,15.659591388419978,15.680982319376744,7.521421078610855,6.0352403330227835,25.20293419141156
00-0035710,Daniel Jones,QB,IND,PIT,15.537072616808054,15.457947733073794,7.624024363402587,5.758774933542242,25.170045360643595
00-0032764,Derrick Henry,RB,BAL,MIA,15.512194009198108,15.51820403220351,6.461689361412838,7.102486087557236,23.765095247637138
00-0037744,Trey McBride,TE,ARI,DAL,15.510361435540354,15.536670222123789,4.899151448940759,9.246987939463203,21.790730700593652
00-0037247,George Pickens,WR,DAL,ARI,15.41854199607989,15.448676432541015,6.452367783595884,7.080611223669958,23.626917821404167
00-0039064,Zay Flowers,WR,BAL,MIA,14.55233497138637,14.462052369003683,6.305967713584476,6.562272869975202,22.738309059615858
00-0036997,Javonte Williams,RB,DAL,ARI,14.531162602992193,14.454917850731158,6.234902633372799,6.658252089083338,22.410497975439103
00-0031381,Davante Adams,WR,LA,NO,14.454328781141358,14.43991985800757,6.98373129085827,5.590666036428311,23.44945003999987
00-0037840,Kyren Williams,RB,LA,NO,14.328341737651469,14.287932772835589,6.227467043097693,6.443132341733686,22.213349241525805
00-0037238,Drake London,WR,ATL,NE,14.18159359268492,14.092452653443253,6.356953344536116,6.138795234642112,22.218820918383873
00-0038996,Tucker Kraft,TE,GB,CAR,14.097809147124526,14.0980924834542,4.977081469212739,7.671276034475657,20.50856977289246
00-0039915,Ladd McConkey,WR,LAC,TEN,14.085174813694058,14.156344367430307,6.3925312951837645,5.723744235292344,22.383530889349455
00-0030565,Geno Smith,QB,LV,JAX,13.858061830530295,13.903281621808446,7.483042669303169,4.181710342392661,23.486035989741218
00-0037228,Jaylen Warren,RB,PIT,IND,13.745515132383401,13.68956119815407,6.291027754805062,5.49569988335386,21.616288815059665
00-0035640,DK Metcalf,WR,PIT,IND,13.714126017968274,13.615125426580253,6.5709345933675145,5.264807088133375,22.07990269397411
00-0035685,David Montgomery,RB,DET,MIN,13.607291322101112,13.470068850194307,6.360235054281977,5.585832060735376,21.834675617825106
00-0036252,Michael Pittman,WR,IND,PIT,13.545121551800689,13.615400019975601,6.425246442575464,5.182233814588492,21.896597936248394
00-0039338,Brock Bowers,TE,LV,JAX,13.365917394510102,13.432152612070816,4.896632312929392,7.099936945517466,19.477773547074072
00-0037239,Chris Olave,WR,NO,LA,13.298184544559167,13.179138730303544,6.5205128987871595,5.018679475931405,21.661667307139744
00-0034960,Jakobi Meyers,WR,JAX,LV,13.173935218134295,13.158310010196425,6.6563292603507085,4.713404555308071,21.690402286182948
00-0040676,Cam Ward,QB,TEN,LAC,13.17198664752754,13.370662028663059,7.597560389795425,3.1997545328502954,22.770800971759574
00-0039917,Michael Penix Jr.,QB,ATL,NE,13.14348719962585,13.106396874749358,7.75568510111463,3.385704823121982,22.908656063682212
00-0036554,Nico Collins,WR,HOU,DEN,13.098342567933619,13.234159721371602,6.426087072216667,4.672135011175375,21.34613066172973
00-0039923,J.J. McCarthy,QB,MIN,DET,13.039455611521321,13.045081676710245,7.904298445035435,3.1667917076717558,23.204995364502096
00-0036972,Mac Jones,QB,SF,NYG,12.952651122905804,12.919522655285018,7.534722367786805,3.331526131396236,22.843858539064218
00-0038994,Jordan Addison,WR,MIN,DET,12.947140344560182,12.85021716309245,6.479485717263746,4.695461209898368,21.3114664679204
00-0030506,Travis Kelce,TE,KC,BUF,12.946756456162847,12.932100729353765,5.239751996877208,6.213001636727024,19.707304749397736
00-0036410,Tee Higgins,WR,CIN,CHI,12.935795288555319,13.142679102459262,6.530438604188358,4.460522973025781,20.975422172273394
00-0034348,Courtland Sutton,WR,DEN,HOU,12.822885927260733,12.825758675459923,6.552136194213086,4.3222956987393975,21.27405077284853
00-0039919,Rome Odunze,WR,CHI,CIN,12.700374600458828,12.745716673298567,6.204160006865291,4.650780175038175,20.540283959691795
00-0034827,DJ Moore,WR,CHI,CIN,12.567905149895305,12.616631047823988,6.629272769044054,4.30813887669376,20.99949462054431
00-0040122,Ashton Jeanty,RB,LV,JAX,12.411685832977136,12.472772314941682,5.979174728373836,4.689018225774813,20.16246145087101
00-0035719,Deebo Samuel Sr.,WR,WAS,SEA,12.404368701929135,12.463278244674399,6.473907940053132,4.007314812879589,20.68317464314261
00-0038544,Quentin Johnston,WR,LAC,TEN,12.385056892361884,12.430782391760527,6.547116350955446,4.09203024908131,20.708262012526415
00-0033288,George Kittle,TE,SF,NYG,12.370037831799893,12.456582073150681,5.306557284850071,5.56970103720234,19.0356385128239
00-0040128,Tyler Warren,TE,IND,PIT,12.30340241977959,12.340762207276082,4.768596589098535,6.0798126800193435,18.34248197109507
00-0036158,J.K. Dobbins,RB,DEN,HOU,12.260867519310835,12.332554098661035,6.1314571489149206,4.240259393915,20.087522398801696
00-0033119,Jacoby Brissett,QB,ARI,DAL,12.234877029011244,12.161677425873197,7.734646182457907,2.528484456569902,22.17314126705255
00-0038117,Wan'Dale Robinson,WR,NYG,SF,12.21777506250322,12.355469524177273,6.58371622399482,3.7628914645483413,20.43561570543023
00-0039893,Brian Thomas Jr.,WR,JAX,LV,12.161358703875154,12.236018994781073,6.306015464601915,4.14118557353432,20.11761297070469
00-0040124,Tetairoa McMillan,WR,CAR,GB,12.161091582609615,12.129848334352552,6.099974829234675,4.397987842669453,19.99449591328336
00-0036613,Jaylen Waddle,WR,MIA,BAL,12.132071384250949,12.119686938210911,6.416207732777904,3.826472204059462,20.39616799159333
00-0038134,Kenneth Walker III,RB,SEA,WAS,12.111379631893044,12.128322886815052,6.288614689361852,3.91421898662208,20.030532940674263
00-0040189,Oronde Gadsden II,TE,LAC,TEN,12.08053369966747,12.091014368443506,4.731561891533924,6.065792240537354,18.16024514720562
00-0030279,Keenan Allen,WR,LAC,TEN,11.72830091754488,11.758684718850283,6.697348195310518,3.3027393271155776,20.308634956097293
00-0038563,Tre Tucker,WR,LV,JAX,11.715376130896793,11.730454362537792,6.357766463727357,3.6592691599538627,19.81643492951377
00-0039391,Kimani Vidal,RB,LAC,TEN,11.62193600093721,11.463248514454456,6.228433562942167,3.688630310072421,19.55539350699474
00-0037261,Khalil Shakir,WR,BUF,KC,11.512038680546391,11.519476150530664,6.429554971533758,3.2051728775200656,19.53538643304815
00-0031588,Stefon Diggs,WR,NE,ATL,11.473778764226036,11.516500339965607,6.930013352610552,2.6631576177017404,20.553008984533285
00-0039065,Sam LaPorta,TE,DET,MIN,11.464108425100083,11.560847819173816,4.863810244595984,5.2151850951394945,17.745943137805583
00-0039894,Xavier Worthy,WR,KC,BUF,11.299384014205204,11.312722254678231,6.2730296865139055,3.296951374944614,19.316218737859117
00-0037816,Romeo Doubs,WR,GB,CAR,11.229231515361178,11.154661495795924,6.390399086441013,3.074904204897486,19.432841391742258
00-0036973,Travis Etienne,RB,JAX,LV,11.221146553488689,11.23018235511166,6.232032713219813,3.1634178644891873,19.103344744469105
00-0033906,Alvin Kamara,RB,NO,LA,11.156060901704125,11.051804421187732,6.534798250313496,2.6508307629539836,19.61348913866038
00-0039849,Marvin Harrison Jr.,WR,ARI,DAL,11.077375993876535,11.11126412193279,6.274252830089465,2.9341699588045262,18.954451085715327
00-0037157,Bam Knight,RB,ARI,DAL,11.029226018740378,10.941380099241618,6.466075234059408,2.9120853780933573,19.56453369640058
00-0038041,Jake Ferguson,TE,DAL,ARI,10.941007910253719,10.992679754221943,4.885373682460189,4.51261971502819,17.26938945847946
00-0038608,Kayshon Boutte,WR,NE,ATL,10.910162386725899,10.863072067939374,6.3363767400946,2.94978930928172,19.208461701978834
00-0039384,Tyrone Tracy Jr.,RB,NYG,SF,10.677547538554583,10.720448702355348,6.060658991003067,3.0221715377425786,18.261658773821527
00-0039150,Bryce Young,QB,CAR,GB,10.60618309823042,10.560595165780825,7.533968351519556,1.0278615564943083,20.534465508672483
00-0036970,Kyle Pitts,TE,ATL,NE,10.573097931025963,10.636459578563437,4.962318184521402,4.254111132351379,16.861052134485316
00-0036259,Jauan Jennings,WR,SF,NYG,10.558971690580542,10.61427020503437,6.454971181216108,2.3104577681046075,18.731250772000195
00-0038997,Josh Downs,WR,IND,PIT,10.519972934559142,10.673808186864193,6.4686007746417244,2.0774819174773627,18.633584904263074
00-0033293,Aaron Jones,RB,MIN,DET,10.49390476402431,10.545384536951985,6.409761546633268,2.315517779555107,18.93120870151466
00-0040242,Jacory Croskey-Merritt,RB,WAS,SEA,10.42416874394857,10.393774792998254,5.911065327197016,2.818994069776186,17.99920715227991
00-0037240,Jameson Williams,WR,DET,MIN,10.267605531781392,10.160823945822646,6.445176961119475,2.023549753770155,18.505836347684035
00-0039165,Zach Charbonnet,RB,SEA,WAS,10.111945602702,10.177260732438091,6.125287087018186,2.12859575932584,17.891179704966046
00-0036555,Chuba Hubbard,RB,CAR,GB,10.038561801344963,9.93481824933399,6.223755987488953,2.161203295578633,18.104893743596282
00-0038606,Parker Washington,WR,JAX,LV,9.91800442429892,9.855307684475855,6.393059766617238,1.7036420648873525,18.07266989304489
00-0039032,Tyjae Spears,RB,TEN,LAC,9.854111494461943,9.673203682516945,6.180977088828257,1.9761876002767906,17.776598922227087
00-0040583,Woody Marks,RB,HOU,DEN,9.844397523059362,9.715384941565137,5.946064648130403,2.235425901242618,17.63324502679717
00-0030061,Zach Ertz,TE,WAS,SEA,9.773354702502866,9.760140354955173,5.188777521264275,3.2340411477767033,16.517285221889644
00-0033307,Kendrick Bourne,WR,SF,NYG,9.674298275689216,9.697682125337108,6.703710868848439,1.1208950999772893,18.28277812615042
00-0039901,Keon Coleman,WR,BUF,KC,9.607259252484532,9.654953003530762,6.1865274174935045,1.5339595826649888,17.456107142372144
00-0039793,AJ Barner,TE,SEA,WAS,9.589604415022178,9.628970743534662,4.876445452039828,3.2714008624151507,15.833546317692827
00-0037664,Alec Pierce,WR,IND,PIT,9.495560409336587,9.50944954387543,6.510127774557077,1.2355355508978236,17.87822490742809
00-0039847,Theo Johnson,TE,NYG,SF,9.484350400699883,9.411091712530826,4.853865694845626,3.390422784308848,15.65992357930098
00-0033858,Jonnu Smith,TE,PIT,IND,9.478942966626523,9.37219223612395,5.122675536291664,3.039580492515381,15.969599769418574
00-0034753,Mark Andrews,TE,BAL,MIA,9.477632360451436,9.35440367674712,5.062033201127532,3.038163644501097,16.052338342346168
00-0035261,Tony Pollard,RB,TEN,LAC,9.332587944934687,9.29958328853526,6.302833774863569,1.246318463641163,17.403884381434125
00-0033923,Kareem Hunt,RB,KC,BUF,9.292769300765393,9.438488903858627,6.511301104435499,1.0042123740417659,17.496442996810973
00-0040170,Elic Ayomanor,WR,TEN,LAC,9.25567431095892,9.199021040272186,6.060367755757181,1.5940200910199698,17.12060911160357
00-0037837,Calvin Austin III,WR,PIT,IND,9.23852535819605,9.033536491527332,6.616867017231389,0.8246638648581013,17.816789621509606
00-0033090,Hunter Henry,TE,NE,ATL,9.20659842298834,9.255355857631542,5.319251673551593,2.4197699820487837,16.006563699126588
00-0039868,Troy Franklin,WR,DEN,HOU,9.191275662490861,9.099741840582073,6.323094490697967,1.143060220835051,17.448659770874084
00-0034791,Nick Chubb,RB,HOU,DEN,9.114096376297372,9.094466209839759,6.448466729191297,1.045916783700086,17.310278415932444
00-0033555,Mack Hollins,WR,NE,ATL,8.797625134409046,8.755157416267942,6.70933234148704,0.13882750574230782,17.33527150764037
00-0035229,T.J. Hockenson,TE,MIN,DET,8.766228247710242,8.796398929117341,5.057440287697818,2.2972121115935797,15.175154334274017
00-0040705,Chimere Dike,WR,TEN,LAC,8.672550892460142,8.640597689260733,6.337334566646028,0.5888973863842067,16.62694217225303
00-0040130,Jayden Higgins,WR,HOU,DEN,8.667891420300732,8.612131688743695,6.135174260940253,0.9339982654988869,16.600757626592433
00-0036550,Rashod Bateman,WR,BAL,MIA,8.665068677088867,8.679976674739962,6.3834644223701416,0.3864817310969355,16.734784000581747
00-0036139,Rico Dowdle,RB,CAR,GB,8.584805230525642,8.632277290323898,6.261336530223353,0.553615326346255,16.37387697041649
00-0035662,Marquise Brown,WR,KC,BUF,8.537709659085328,8.603777540607098,6.554331173253772,0.06091581221904106,16.92898925497342
00-0037525,Jordan Mason,RB,MIN,DET,8.522063943881244,8.47851069968138,6.307398808883503,0.30656840765302423,16.538889964210888
00-0036894,Pat Freiermuth,TE,PIT,IND,8.503324305246615,8.459604293916259,4.9324288099267894,2.37224186659402,14.869490816682223
00-0036040,Juwan Johnson,TE,NO,LA,8.422297710872416,8.415431069660324,4.973150985804798,2.0157845636926743,14.670866042157252
00-0040730,RJ Harvey,RB,DEN,HOU,8.40675493144055,8.386156567882548,5.920316058119903,0.879152304297522,16.093661415365595
00-0030564,DeAndre Hopkins,WR,BAL,MIA,8.360936972358619,8.384465541635038,6.693004671932452,-0.2598091068714083,16.948087332841897
00-0038797,Emanuel Wilson,RB,GB,CAR,8.293496190470208,8.282928950641448,6.157945793312712,0.4894855302402548,16.333305672675483
00-0040743,Tyler Shough,QB,NO,LA,8.224084298482989,8.325859175628462,8.01675018569816,-2.1023186933891873,18.159094291407758
00-0035208,Olamide Zaccheaus,WR,CHI,CIN,8.181213140181269,8.280344308541377,6.661257373911979,-0.3180414256116951,16.53392026886471
00-0038933,Dalton Kincaid,TE,BUF,KC,8.163575306928099,8.212976504640924,4.975684869531896,1.6211576266474996,14.491203578781459
00-0040667,Matthew Golden,WR,GB,CAR,8.157868246187787,8.208388076690994,6.190017173277434,0.08010619114789587,16.20805365749077
00-0039342,Xavier Legette,WR,CAR,GB,8.117702377735727,8.142934682816163,6.38957645928979,0.0655000856830554,16.39993305782616
00-0034407,Ray-Ray McCloud,WR,NYG,SF,8.11582746325054,8.105489647282942,6.638173538629359,-0.3122174510671335,16.564907472796747
00-0038124,Christian Watson,WR,GB,CAR,8.026092722072052,8.073265006067349,6.566039356425249,-0.3209898193585965,16.434331565064383
00-0040236,Kyle Monangai,RB,CHI,CIN,8.014072645227898,8.031539744037179,6.030369771407771,0.35751425284112015,15.781140812007251
00-0036309,Darnell Mooney,WR,ATL,NE,7.886996915482513,7.8750900529739205,6.4829699523626445,-0.39072314272080405,15.982120963349539
00-0038559,Michael Wilson,WR,ARI,DAL,7.786573501531364,7.714367519677918,6.3651195873264825,-0.34962879016385306,16.197286557650767
00-0033881,Evan Engram,TE,DEN,HOU,7.734686001280588,7.711016459111035,5.190071812461756,1.203578209339484,14.43821472207142
00-0035644,Noah Fant,TE,CIN,CHI,7.659189959672239,7.717185252708993,5.104643171176329,1.1515441371333353,14.148718084054185
00-0034775,Christian Kirk,WR,HOU,DEN,7.4801068944937885,7.464469082194735,6.783697517986653,-1.0942452852872577,16.185493942042644
00-0039739,Roman Wilson,WR,PIT,IND,7.456720949604111,7.377919440934441,6.542350335532571,-0.8278159068502076,16.0548422260812
00-0033955,Jeremy McNichols,RB,WAS,SEA,7.40385631795114,7.42028479100539,6.5005434660416075,-0.8062999425879633,15.66919080161669
00-0037263,Tyler Allgeier,RB,ATL,NE,7.392016119749206,7.405336334917829,6.260059624786195,-0.5024402735314011,15.328400657147737
00-0034383,Dalton Schultz,TE,HOU,DEN,7.355282786538483,7.300669285659742,5.1043928784298425,0.8111886116395126,13.95238870491386
00-0037809,Chig Okonkwo,TE,TEN,LAC,7.274637450481745,7.289324538176645,5.085835166544572,0.7487253674932177,13.74291445587227
00-0040734,TreVeyon Henderson,RB,NE,ATL,7.218575810304886,7.2937165612706565,6.0180044698464625,-0.46003898427399814,14.965838943233202
00-0036919,Kenneth Gainwell,RB,PIT,IND,7.192505382867459,7.135574782277779,6.178351106806355,-0.6196556893746197,15.214588289500512
00-0035535,Darius Slayton,WR,NYG,SF,7.176759341346408,7.109196407853281,6.559325646467261,-1.0983555465847012,15.456795164233306
00-0037801,KaVontae Turpin,WR,DAL,ARI,7.136189762955386,7.264776966402547,6.618566085220177,-1.2221360954314227,15.550875667874347
00-0039491,Jalen Coker,WR,CAR,GB,7.129987786920835,7.194645419876277,6.3760318279111186,-1.0580550118397376,15.326686911245801
00-0035359,David Sills,WR,ATL,NE,7.1283039495006495,7.167881906306631,6.6378882820779905,-1.4805229810493248,15.390201175700247
00-0039880,Malik Washington,WR,MIA,BAL,7.123994335992849,7.1799814470459875,6.3161613236910785,-0.9235459851877597,15.06899383736445
00-0040126,Colston Loveland,TE,CHI,CIN,7.095988454276348,7.073244915807492,4.6635397461930905,1.1411148170908565,13.164375492456045
00-0038619,Andrei Iosivas,WR,CIN,CHI,7.09284794375321,7.160937358443617,6.451118706256718,-1.1921461148460508,15.25900797624206
00-0038104,Tyquan Thornton,WR,KC,BUF,7.058404246300946,7.152321927543245,6.489346436854946,-1.2885186859462139,15.437095536639413
00-0040719,Bhayshul Tuten,RB,JAX,LV,6.9887374122803125,6.941266565347231,5.98825573893644,-0.6190711530770823,14.568345975407315
00-0034975,Justice Hill,RB,BAL,MIA,6.927477791838122,6.796240549296481,6.247139164891073,-1.0301146670095025,15.011292148458404
00-0040727,Tre Harris,WR,LAC,TEN,6.9101411401422235,6.992153301436223,6.121715678178066,-0.9458103217157782,14.786383361841008
00-0038618,Xavier Hutchinson,WR,HOU,DEN,6.8423337320616255,6.8622179225229125,6.37542995125908,-1.3268047002229295,15.122726188490637
00-0039738,Blake Corum,RB,LA,NO,6.788641573568161,6.722748562996456,6.11694756237323,-1.0583483089808003,14.641383071010832
00-0038621,DeMario Douglas,WR,NE,ATL,6.770315836927916,6.783849566307817,6.315591068101581,-1.32528832589714,14.753303912031605
00-0039299,George Holani,RB,SEA,WAS,6.720768696105254,6.761563942936699,6.232269958336916,-1.3333512092618376,14.601968741152243
00-0040138,Jaylin Noel,WR,HOU,DEN,6.702903171309601,6.711562081631527,6.103789173462849,-1.0968359560026908,14.567427994734974
00-0039066,Michael Mayer,TE,LV,JAX,6.693295830659477,6.703773583848795,4.984119109539027,0.3672608910234684,13.164038578782584
00-0033110,Tyler Higbee,TE,LA,NO,6.653415793005556,6.610794449459235,5.281945817736886,-0.044095050344539546,13.43410459155531
00-0037004,Hunter Long,TE,JAX,LV,6.651747783555648,6.5406751090806345,4.931737223812283,0.4382694930290422,12.912973127454555
00-0036841,Austin Trammell,WR,JAX,LV,6.626887337237757,6.613408041396067,6.854554627039969,-2.151907405251789,15.296235983341456
00-0037746,Brian Robinson,RB,SF,NYG,6.626643064156132,6.549241782551267,6.218184083878942,-1.3856516592469597,14.726712772568238
00-0037838,Isaiah Likely,TE,BAL,MIA,6.614789769466057,6.664882040120343,5.006953427640479,0.1810996635196148,13.10957093778875
00-0040737,Terrance Ferguson,TE,LA,NO,6.488537559869076,6.533548908092168,4.8108114293811255,0.14058910659064447,12.647330680785014
00-0039410,Ryan Flournoy,WR,DAL,ARI,6.412690606299744,6.375440977863791,6.329321317516778,-1.7619704582319156,14.511913945163336
00-0037291,Jalen Nailor,WR,MIN,DET,6.391588356294136,6.309657784455222,6.478772051659725,-1.8399001479971588,14.769288793996319
00-0036415,Van Jefferson,WR,TEN,LAC,6.357501720745432,6.378396974001976,6.45122485048999,-1.8792013332740347,14.616656942861724
00-0036360,Clyde Edwards-Helaire,RB,KC,BUF,6.351841695492001,6.426339317362055,6.543611675261246,-2.0754470748625793,14.986673002573887
00-0040648,Tory Horton,WR,SEA,WAS,6.3257091413091935,6.388887855816675,6.2391014178093425,-1.6171537292218499,14.299111110043247
00-0038679,Tyrell Shavers,WR,BUF,KC,6.20938344530574,6.172890958459604,6.4218227760766045,-2.177147227822816,14.518691192335039
00-0036182,Nick Westbrook-Ikhine,WR,MIA,BAL,6.137497693136976,6.268021269240625,6.422911368545162,-2.07261506003531,14.302955905999175
00-0032775,Demarcus Robinson,WR,SF,NYG,6.0221262183101425,6.053090430254436,6.856919768275678,-2.7620911899393854,14.72531342827431
00-0033857,JuJu Smith-Schuster,WR,KC,BUF,5.756322108753858,5.707279324794408,6.903037299205364,-3.030560066543317,14.712177795895895
00-0040194,Jackson Hawes,TE,BUF,KC,5.754266367872522,5.656540877638545,4.787100488838115,-0.26426677851999003,11.85703874309687
00-0036755,Jaret Patterson,RB,LAC,TEN,5.732428520303427,5.7745918981431865,6.392085173987775,-2.4889557418698156,13.84654689697585
00-0038359,Xavier Smith,WR,LA,NO,5.730223028531774,5.820256970209611,6.364797552027125,-2.422367122718588,13.83996395010059
00-0033357,Taysom Hill,QB,NO,LA,5.585288146961767,5.560686642277135,7.65610157687654,-4.05428688026904,15.457629361346157
00-0036754,Brock Wright,TE,DET,MIN,5.506937989428071,5.511876429630689,5.024148912526094,-1.0457147659684216,12.04058408507073
00-0040134,Pat Bryant,WR,DEN,HOU,5.457829562664824,5.322749301078973,6.246122104704772,-2.6162129233455906,13.537441792594862
00-0032464,Kalif Raymond,WR,DET,MIN,5.382081771063154,5.455882154024495,6.8556736926298285,-3.550439717316959,14.100140517363766
00-0033282,Curtis Samuel,WR,BUF,KC,5.313517360578022,5.24100210237879,6.7125162851416755,-3.448853270326179,14.01573840891765
00-0038558,Darnell Washington,TE,PIT,IND,5.312005185954697,5.2151713715608485,4.988695863825792,-1.0352626238817715,11.803859034477345
00-0040078,Brashard Smith,RB,KC,BUF,5.307951677892612,5.298391851375842,5.875538806482193,-2.223984352556305,12.823309921023476
00-0032392,Austin Hooper,TE,NE,ATL,5.2970230532063045,5.216671112011349,5.239912474627987,-1.410818380390808,12.074079163180322
00-0032104,Ameer Abdullah,RB,IND,PIT,5.267364036506256,5.265930345492556,6.755452704843926,-3.479287622430407,13.632558142585966
00-0034613,Tanner Hudson,TE,CIN,CHI,5.241534612401506,5.263049224136888,5.237696790946074,-1.446424821881845,12.000645465526317
00-0040584,Gunnar Helm,TE,TEN,LAC,5.19355187757298,5.179761595933925,4.71287501718073,-0.8786010061415294,11.357809444620854
00-0036637,Noah Gray,TE,KC,BUF,5.021294894285775,5.05835508092693,4.952869374633739,-1.2639032290564258,11.197339603314523
00-0039074,Davis Allen,TE,LA,NO,5.009473864329001,5.035465424908294,4.889016509462131,-1.2432711815495996,11.342641368990638
00-0036290,Cole Kmet,TE,CHI,CIN,4.976506948541449,4.96970948551013,5.014279083789665,-1.3852416150275197,11.493408986404564
00-0040198,Ollie Gordon II,RB,MIA,BAL,4.946724223047097,4.907990969980214,5.917162665512856,-2.7190581811123575,12.38241953446399
00-0040009,Savion Williams,WR,GB,CAR,4.821825220646366,4.777147790447892,6.183213294787871,-3.1158456284794576,12.802532416534362
00-0032211,Tyler Lockett,WR,LV,JAX,4.78861253272058,4.734719939684609,6.9162690297461005,-4.116725948863962,13.627092713900769
00-0038454,Keaton Mitchell,RB,BAL,MIA,4.7734225063626505,4.801631251457673,6.257194272197312,-3.458585803393346,12.816650244906079
00-0036244,Colby Parkinson,TE,LA,NO,4.770557435624305,4.664076143621305,4.981650289556683,-1.6116020737012304,11.284033352938621
00-0040142,Kaleb Johnson,RB,PIT,IND,4.647425368464029,4.597372716162971,5.991294620189654,-2.882996550592897,12.283659877760815
00-0040739,Elijah Arroyo,TE,SEA,WAS,4.636713383930611,4.7865071215402075,4.731334628635919,-1.5149763243431316,10.551284386537251
00-0038416,Tyson Bagent,QB,CHI,CIN,4.53654409176478,4.5383769614997105,7.6397769705585326,-5.286124857511606,14.53296353828285
00-0036626,Dyami Brown,WR,JAX,LV,4.501945612966215,4.477210226608092,6.4822021992613115,-3.7480184505655765,13.038387798639581
00-0029892,Kyle Juszczyk,RB,SF,NYG,4.417668509880978,4.388336114938208,6.661580062669584,-4.192292413391674,13.048553386144679
00-0038839,Mitchell Tinsley,WR,CIN,CHI,4.339332147549601,4.426302416433396,6.632402927855244,-4.165633866423696,12.896392449080045
00-0040164,Jaylin Lane,WR,WAS,SEA,4.318454279540797,4.323347876052863,6.078307158289317,-3.4709035789655998,12.117557314092535
00-0031687,Raheem Mostert,RB,LV,JAX,4.250467177389442,4.189219332746603,6.592447607270089,-4.024230663406285,12.733592256837426
00-0034418,Cedrick Wilson Jr.,WR,MIA,BAL,4.244441351310895,4.2616438225405195,6.717917150364036,-4.234315377680194,12.922929733906734
00-0040184,KeAndre Lambert-Smith,WR,LAC,TEN,4.243968062822718,4.286719223869441,6.2718182993445755,-3.8022066481614423,12.17900117378918
00-0038547,Luke Schoonmaker,TE,DAL,ARI,4.19800819415779,4.3032113494728925,4.906182407820905,-1.997256344301324,10.315599078872298
00-0040172,Jordan Watkins,WR,SF,NYG,4.184093429128045,4.108411843830286,6.401079454481204,-4.090494519708007,12.394056995068858
00-0038705,Emari Demercado,RB,ARI,DAL,4.040368893954272,4.083234799634273,6.158981560889151,-3.840557083264178,11.921817015255916
00-0038046,Charlie Kolar,TE,BAL,MIA,4.034073232401424,3.976564321058751,4.929090295405767,-2.2905350749709874,10.3680037482147
00-0035537,Ty Johnson,RB,BUF,KC,3.92923589252099,4.00266864615819,6.341400018469458,-4.2194607127392025,12.10972944324658
00-0035500,Greg Dortch,WR,ARI,DAL,3.9075142000988246,3.880891281780062,6.545755889401481,-4.559692863604427,12.258671265808758
00-0036898,Davis Mills,QB,HOU,DEN,3.7865625820758315,3.8577551415191342,7.9492967527113585,-6.558154752524652,13.911074889825377
00-0039041,Elijah Higgins,TE,ARI,DAL,3.7674807671139146,3.7692547596380086,4.826876827020052,-2.5849935435539333,9.969880980579969
00-0037005,Tommy Tremble,TE,CAR,GB,3.678693711732218,3.7259375209562666,4.852550918976059,-2.6085868158405114,9.801013983476713
00-0040202,Devin Neal,RB,NO,LA,3.63335508734889,3.693221962420423,6.016468045192256,-4.216720315532219,11.298629353272215
00-0035689,Dawson Knox,TE,BUF,KC,3.6019294912927498,3.5462247694239237,5.0361114307920225,-2.768532221292027,10.073769390914011
00-0040218,Jimmy Horn Jr.,WR,CAR,GB,3.5956699862550128,3.5246838614221416,6.2244193806440355,-4.269681296515424,11.671033183137721
00-0039356,Ja'Tavion Sanders,TE,CAR,GB,3.5731671160146936,3.579795732061144,4.765801022587058,-2.4684168097405195,9.581391506436571
00-0036620,Dee Eskridge,WR,MIA,BAL,3.3449316869621297,3.234722822747418,6.576436316345383,-4.959903297343602,11.718072717398698
00-0040131,Kyle Williams,WR,NE,ATL,3.3162661445923263,3.3667185651456477,6.300795371296032,-4.732867428751747,11.535942068318295
00-0040238,LeQuint Allen Jr.,RB,JAX,LV,3.2308614186224442,3.166682788938326,5.940978929202802,-4.381134038227328,10.677560433431413
00-0035250,Devin Singletary,RB,NYG,SF,3.121794107219088,3.205019346892038,6.382134823970378,-5.149526914810427,11.339142512778352
00-0037120,Tyler Goodson,RB,IND,PIT,3.0775385294319975,3.1118519799296265,6.274724987009462,-5.033995837092123,11.1588732248957
00-0038611,Chris Rodriguez Jr.,RB,WAS,SEA,3.0576171139061756,3.073170834753612,6.174502404194388,-4.714354607301412,11.026808684968358
00-0039144,Luke Musgrave,TE,GB,CAR,3.0471774846959736,2.9974147738264834,4.98729449629054,-3.448703048693163,9.438854215519715
00-0036422,Adam Trautman,TE,DEN,HOU,3.027312120365446,3.003137250166182,4.96225005635042,-3.22793679995101,9.223055257738663
00-0038685,Chris Brooks,RB,GB,CAR,2.949670170113485,2.9914534321231683,6.212171328809118,-4.975232245404704,10.89786523819004
00-0037085,Tyler Badie,RB,DEN,HOU,2.884908426974147,2.9098458407511636,6.2810860892790155,-5.186686246618142,11.146384025830653
00-0037563,Malik Davis,RB,DAL,ARI,2.846031117374585,2.7969909099088417,6.582764254951428,-5.5455055196082075,11.1611283350665
00-0038614,Scott Matlock,RB,LAC,TEN,2.840472483548424,2.8831288475129786,6.392141986017991,-5.133864738410935,10.892767049466825
00-0037252,Greg Dulcich,TE,MIA,BAL,2.835698437071894,2.8971258361508387,5.627875354696159,-4.45615961458686,9.960256048580478
00-0034365,Ian Thomas,TE,LV,JAX,2.7376446738445885,2.8213650679938356,5.209818717690201,-3.8704802951989397,9.297209356766432
00-0037304,Connor Heyward,TE,PIT,IND,2.6474563684538355,2.6308153140797645,5.043998057339019,-3.751103519878737,9.12813902485162
00-0036628,John Bates,TE,WAS,SEA,2.6155900570080868,2.631997969376453,5.114775870293954,-3.9513144269763427,9.309737080998481
00-0039603,British Brooks,RB,HOU,DEN,2.5553431135887616,2.6227683131723625,6.3941382402241365,-5.786732566343214,10.734046186959263
00-0039757,Terrell Jennings,RB,NE,ATL,2.5410079840729605,2.590212401768514,6.247805047031963,-5.478801762985804,10.596741576181275
00-0038840,Brycen Tremayne,WR,CAR,GB,2.3944873609257926,2.420922953557454,6.502570179573966,-5.89749499028417,10.66312733804216
00-0033217,Mo Alie-Cox,TE,IND,PIT,2.311345169512583,2.2515936167080817,5.264414463395874,-4.476928546680965,9.108756366555403
00-0036497,Tim Jones,WR,JAX,LV,2.251133094184001,2.2820751713316736,6.705088592091039,-6.314060426081377,10.927552129307404
00-0037654,Tucker Fisk,TE,LAC,TEN,2.096341859621152,2.032543383375661,5.146098605112135,-4.389369697535173,8.82519923346682
00-0033854,Dare Ogunbowale,RB,HOU,DEN,2.0294664578921817,1.971118615932729,6.554724060040117,-6.280900774683395,10.450420165997508
00-0036887,Luke Farrell,TE,SF,NYG,1.7685666290896072,1.7151290122702503,4.979040264365915,-4.573738139294992,8.112821247786972
00-0037742,Treylon Burks,WR,WAS,SEA,1.7630160603413645,1.8151538569558867,6.611821274811175,-6.647777951839469,10.090686616278107
00-0036232,Harrison Bryant,TE,HOU,DEN,1.410396481398082,1.3872663405740253,5.013398497075132,-4.950468973047839,7.779546319388623
00-0038090,Skyy Moore,WR,SF,NYG,1.0450561337826663,1.1296828737670936,6.64785084898692,-7.598044701644303,9.399439723702727
00-0036727,Adam Prentice,RB,DEN,HOU,0.5205099810823924,0.48488455375327355,6.223458085970187,-7.658059154622087,8.398773227059515
