n,rmse,mae,crps,spearman,cov50,cov80,cov90,rmse_base,model,method,season,week,shrunk,positions,divergences,fit_time,n_train,n_dropped
31,8.143744368933078,6.44572595954401,4.670130105936205,0.5322580645161291,0.5161290322580645,0.7741935483870968,0.8709677419354839,7.616083605127161,het_gp_qb_noadv,nuts,2019,6.0,false,qb,0,10.761443853378296,1368,0
31,8.105986078808366,6.3977930867529285,4.690954249705952,0.5475806451612903,0.5161290322580645,0.7096774193548387,0.8709677419354839,7.616083605127161,het_gp_qb_asof,nuts,2019,6.0,false,qb,0,16.491815090179443,1368,0
31,8.29998720437404,6.744828917069159,4.775045857106549,0.5314516129032258,0.41935483870967744,0.7419354838709677,0.8709677419354839,7.616083605127161,het_gp_qb,nuts,2019,6.0,false,qb,0,13.552750825881958,1368,0
27,7.165283357688152,5.776903996925734,3.9999257455735484,0.3584185662274491,0.5185185185185185,0.8518518518518519,0.9629629629629629,7.766154611411603,het_gp_qb_noadv,nuts,2019,9.0,false,qb,0,10.7123441696167,1468,2
27,7.169476980355363,5.769477414639192,4.022575547672447,0.36330331670414356,0.5185185185185185,0.8518518518518519,0.9629629629629629,7.766154611411603,het_gp_qb_asof,nuts,2019,9.0,false,qb,0,18.70019817352295,1468,2
27,7.124688122658807,5.745665235609796,4.0144479226962835,0.4338269017114185,0.48148148148148145,0.8518518518518519,0.9629629629629629,7.766154611411603,het_gp_qb,nuts,2019,9.0,false,qb,0,10.862598896026611,1468,2
36,8.180999037287437,6.558191891783796,4.620716802423143,0.5464959146395942,0.4444444444444444,0.75,0.8888888888888888,8.736576902414187,het_gp_qb_noadv,nuts,2019,12.0,false,qb,0,11.368367910385132,1561,0
36,8.133343811275315,6.452472280917857,4.569213682512678,0.5528026267962923,0.4722222222222222,0.7777777777777778,0.8888888888888888,8.736576902414187,het_gp_qb_asof,nuts,2019,12.0,false,qb,0,16.853055953979492,1561,0
36,8.026852385095284,6.307941198492227,4.513035400875917,0.5432782043555646,0.4722222222222222,0.75,0.9166666666666666,8.736576902414187,het_gp_qb,nuts,2019,12.0,false,qb,0,11.272584915161133,1561,0
37,6.239290011213267,5.029420961240779,3.5720533739763214,0.6239478407807523,0.6216216216216216,0.8648648648648649,0.9459459459459459,6.571177199176802,het_gp_qb_noadv,nuts,2019,15.0,false,qb,0,11.251425981521606,1672,1
37,6.2246315621485495,5.017778663057242,3.5584395015144983,0.6224066433781017,0.6216216216216216,0.8648648648648649,0.972972972972973,6.571177199176802,het_gp_qb_asof,nuts,2019,15.0,false,qb,0,19.261075973510742,1672,1
37,6.170329869139345,4.886711793016409,3.529531525600724,0.5990515750456282,0.6486486486486487,0.8648648648648649,0.972972972972973,6.571177199176802,het_gp_qb,nuts,2019,15.0,false,qb,0,13.945142030715942,1672,1
31,6.250342205636694,5.031330899751177,3.6187821965462024,0.5431451612903226,0.6129032258064516,0.8387096774193549,0.9354838709677419,7.106369709747228,het_gp_qb_noadv,nuts,2023,6.0,false,qb,0,11.137206077575684,1488,4
31,6.246594454406483,5.05077593080072,3.6158549183404243,0.5713709677419355,0.6129032258064516,0.8709677419354839,0.9354838709677419,7.106369709747228,het_gp_qb_asof,nuts,2023,6.0,false,qb,0,18.775352239608765,1488,4
31,6.46814072133954,5.283296585761496,3.741105112582056,0.5366935483870968,0.5806451612903226,0.8709677419354839,0.9354838709677419,7.106369709747228,het_gp_qb,nuts,2023,6.0,false,qb,0,13.651764869689941,1488,4
30,7.209968143430204,5.445595517589882,3.9642249195548676,0.5366559161030929,0.6,0.8333333333333334,0.9,8.027915111104724,het_gp_qb_noadv,nuts,2023,9.0,false,qb,0,13.631758689880371,1593,1
30,7.126269899089039,5.362354177575493,3.9610376565136183,0.5257537022187432,0.5666666666666667,0.8333333333333334,0.9,8.027915111104724,het_gp_qb_asof,nuts,2023,9.0,false,qb,0,19.366615056991577,1593,1
30,7.275689052784795,5.514032083890436,4.0668248929222655,0.525308713896933,0.5333333333333333,0.8,0.9,8.027915111104724,het_gp_qb,nuts,2023,9.0,false,qb,0,14.129427909851074,1593,1
37,7.156207135650476,5.418147996631896,4.05814776027081,0.6789947842579421,0.5945945945945946,0.7837837837837838,0.8918918918918919,7.505039860880441,het_gp_qb_noadv,nuts,2023,12.0,false,qb,0,11.537842273712158,1695,0
37,7.0997138233216415,5.362931131648043,4.020922813070889,0.6944049312470364,0.6216216216216216,0.7567567567567568,0.8918918918918919,7.505039860880441,het_gp_qb_asof,nuts,2023,12.0,false,qb,0,20.053550243377686,1695,0
37,7.061077061794094,5.253764560729142,3.9978894766212205,0.7064959696538643,0.5945945945945946,0.7567567567567568,0.8648648648648649,7.505039860880441,het_gp_qb,nuts,2023,12.0,false,qb,0,15.41379976272583,1695,0
39,6.883440500426483,5.265565277116508,3.838482141250441,0.5771255060728746,0.5897435897435898,0.8205128205128205,0.8461538461538461,7.5390202163084306,het_gp_qb_noadv,nuts,2023,15.0,false,qb,0,12.3942711353302,1802,3
39,6.888432412265817,5.186269718763701,3.7983788192597476,0.5777327935222671,0.6153846153846154,0.8205128205128205,0.8461538461538461,7.5390202163084306,het_gp_qb_asof,nuts,2023,15.0,false,qb,0,17.32093906402588,1802,3
39,6.922533171159018,5.2099129614012165,3.830139761153274,0.5805668016194333,0.5897435897435898,0.8461538461538461,0.8461538461538461,7.5390202163084306,het_gp_qb,nuts,2023,15.0,false,qb,0,15.579085111618042,1802,3
30,6.348105764327281,4.933787195285172,3.5610295977269035,0.5777530589543938,0.6,0.8666666666666667,0.9,6.976512855712797,het_gp_qb_noadv,nuts,2024,6.0,false,qb,0,11.813994884490967,1493,2
30,6.411807010773384,5.016033407129098,3.603002649276112,0.5359288097886541,0.6333333333333333,0.8333333333333334,0.9,6.976512855712797,het_gp_qb_asof,nuts,2024,6.0,false,qb,0,17.136781692504883,1493,2
30,6.178123446092787,4.831764459550498,3.4830631850476665,0.5461624026696329,0.6333333333333333,0.8666666666666667,0.9333333333333333,6.976512855712797,het_gp_qb,nuts,2024,6.0,false,qb,0,11.51205825805664,1493,2
32,6.226004599832106,5.018558538996576,3.517777562960823,0.5839442815249266,0.5,0.875,0.9375,6.745838579689642,het_gp_qb_noadv,nuts,2024,9.0,false,qb,0,14.663597822189331,1602,2
32,6.215100618332987,5.008077327900809,3.458586990119553,0.5718475073313782,0.5625,0.875,0.9375,6.745838579689642,het_gp_qb_asof,nuts,2024,9.0,false,qb,0,20.01374626159668,1602,2
32,6.223342723457274,4.966809836392686,3.4520106114089053,0.5736803519061583,0.59375,0.90625,0.9375,6.745838579689642,het_gp_qb,nuts,2024,9.0,false,qb,0,14.944201231002808,1602,2
31,6.095564400167905,4.909781500870114,3.520034267673791,0.5899193548387097,0.6129032258064516,0.8064516129032258,0.9354838709677419,7.1179579510761934,het_gp_qb_noadv,nuts,2024,12.0,false,qb,0,11.863515853881836,1702,1
31,6.099687887024379,5.037926532060231,3.4917091080434157,0.5794354838709679,0.5806451612903226,0.8064516129032258,0.967741935483871,7.1179579510761934,het_gp_qb_asof,nuts,2024,12.0,false,qb,0,20.406096935272217,1702,1
31,6.028443338435518,4.949103467887039,3.486355336306746,0.5838709677419356,0.6451612903225806,0.8064516129032258,0.9354838709677419,7.1179579510761934,het_gp_qb,nuts,2024,12.0,false,qb,0,14.79280686378479,1702,1
40,9.18295631985993,7.086170511397198,5.219469835425644,0.5799521559923903,0.45,0.7,0.825,8.965295985113357,het_gp_qb_noadv,nuts,2024,15.0,false,qb,0,12.37926197052002,1803,3
40,9.17824622189625,7.138632396989053,5.249763778751889,0.5925231021106337,0.475,0.675,0.825,8.965295985113357,het_gp_qb_asof,nuts,2024,15.0,false,qb,0,20.4520480632782,1803,3
40,9.1448414993471,7.030490029704086,5.221727532732147,0.5960879972784936,0.45,0.675,0.825,8.965295985113357,het_gp_qb,nuts,2024,15.0,false,qb,0,12.034885883331299,1803,3
33,7.0763012168507045,5.630238265969528,4.042188628334233,0.3972591306591551,0.5454545454545454,0.8181818181818182,0.9090909090909091,7.2146490750482295,het_gp_qb_noadv,nuts,2025,6.0,false,qb,0,18.88990330696106,1513,1
33,7.070353846407949,5.599062654114491,4.011120483872163,0.3815492617984228,0.5454545454545454,0.8484848484848485,0.9090909090909091,7.2146490750482295,het_gp_qb_asof,nuts,2025,6.0,false,qb,0,19.219438314437866,1513,1
33,7.00057037742215,5.499311967454096,3.947670978773758,0.3974262569236309,0.5454545454545454,0.8484848484848485,0.9090909090909091,7.2146490750482295,het_gp_qb,nuts,2025,6.0,false,qb,0,13.596909046173096,1513,1
31,8.70645992560775,7.0723234846249365,5.0198335649816315,0.4084677419354839,0.3870967741935484,0.7096774193548387,0.8709677419354839,8.777991699624343,het_gp_qb_noadv,nuts,2025,9.0,false,qb,0,16.63105607032776,1622,1
31,8.874804542491287,7.250960071056304,5.1496544358813185,0.36814516129032265,0.3870967741935484,0.7096774193548387,0.8709677419354839,8.777991699624343,het_gp_qb_asof,nuts,2025,9.0,false,qb,0,19.460196018218994,1622,1
31,8.922263529280537,7.251646124247246,5.15709353661355,0.34395161290322585,0.41935483870967744,0.6774193548387096,0.8387096774193549,8.777991699624343,het_gp_qb,nuts,2025,9.0,false,qb,0,14.35204291343689,1622,1
33,8.433782068636154,6.8416766510056135,4.835753132698998,0.3669786096256685,0.45454545454545453,0.7575757575757576,0.8484848484848485,8.777236197573759,het_gp_qb_noadv,nuts,2025,12.0,false,qb,0,16.923895835876465,1726,0
33,8.386939886832469,6.85204908034003,4.820115010993965,0.3663101604278075,0.45454545454545453,0.7575757575757576,0.8484848484848485,8.777236197573759,het_gp_qb_asof,nuts,2025,12.0,false,qb,0,16.77944302558899,1726,0
33,8.308590518010162,6.86006009304899,4.773716886525881,0.37266042780748665,0.48484848484848486,0.7575757575757576,0.8484848484848485,8.777236197573759,het_gp_qb,nuts,2025,12.0,false,qb,0,11.651095151901245,1726,0
38,8.494135034867163,6.474560195584049,4.662035221454268,0.5158395805718506,0.5,0.7631578947368421,0.9210526315789473,9.082404016095145,het_gp_qb_noadv,nuts,2025,15.0,false,qb,0,17.22706389427185,1834,1
38,8.508148196991387,6.454920410997289,4.658307149776118,0.5143076004852986,0.5,0.7631578947368421,0.8947368421052632,9.082404016095145,het_gp_qb_asof,nuts,2025,15.0,false,qb,0,17.149553298950195,1834,1
38,8.382049943798236,6.3340885169535,4.597221352685871,0.5392569904662876,0.5526315789473685,0.8157894736842105,0.8947368421052632,9.082404016095145,het_gp_qb,nuts,2025,15.0,false,qb,0,15.006899118423462,1834,1
216,6.509667566307437,4.893581813551282,3.568129570724122,0.5450679078126365,0.5324074074074074,0.8287037037037037,0.8935185185185185,7.26068523071668,het_gp_noadv,nuts,2019,6.0,false,skill,0,83.5455870628357,9847,16
216,6.504009773162743,4.89356434681478,3.5608673145950287,0.545852792546265,0.5324074074074074,0.8240740740740741,0.8981481481481481,7.26068523071668,het_gp_asof,nuts,2019,6.0,false,skill,0,104.28538012504578,9847,16
216,6.506870237218335,4.8618237390251196,3.551332383681027,0.5551898242143695,0.5370370370370371,0.8148148148148148,0.8981481481481481,7.26068523071668,het_gp,nuts,2019,6.0,false,skill,0,75.32711291313171,9847,16
226,6.295004423494915,4.861991507671646,3.477161125868096,0.556777869687209,0.5486725663716814,0.827433628318584,0.9026548672566371,7.1945133218933535,het_gp_noadv,nuts,2019,9.0,false,skill,0,71.1792049407959,10569,11
226,6.288231733086456,4.841701469917697,3.4706445972657867,0.5613506490332923,0.5707964601769911,0.827433628318584,0.8982300884955752,7.1945133218933535,het_gp_asof,nuts,2019,9.0,false,skill,0,86.68525791168213,10569,11
226,6.296189238867486,4.838168601375016,3.4773489209058894,0.5619475280201376,0.5575221238938053,0.8407079646017699,0.9026548672566371,7.1945133218933535,het_gp,nuts,2019,9.0,false,skill,0,86.39512491226196,10569,11
230,6.172096355599863,4.671228910161925,3.3951913747869624,0.6072009670637881,0.5391304347826087,0.8304347826086956,0.9043478260869565,6.4536962194698315,het_gp_noadv,nuts,2019,12.0,false,skill,0,92.88416385650635,11258,6
230,6.22383355777617,4.692616811815018,3.4170046460517964,0.6036306775027922,0.5347826086956522,0.8347826086956521,0.9130434782608695,6.4536962194698315,het_gp_asof,nuts,2019,12.0,false,skill,0,114.96543669700623,11258,6
230,6.247977997021907,4.682202965942513,3.4146099551384577,0.6024613126514166,0.5391304347826087,0.8304347826086956,0.9173913043478261,6.4536962194698315,het_gp,nuts,2019,12.0,false,skill,0,107.13555002212524,11258,6
264,6.564137352303648,4.850599492530591,3.517603744998077,0.5750898652165466,0.5681818181818182,0.8257575757575758,0.9090909090909091,6.810402066546748,het_gp_noadv,nuts,2019,15.0,false,skill,0,81.3241400718689,12046,7
264,6.543494946676369,4.836862530449313,3.5035787378901864,0.5795782986209591,0.5757575757575758,0.8295454545454546,0.9128787878787878,6.810402066546748,het_gp_asof,nuts,2019,15.0,false,skill,0,122.62579107284546,12046,7
264,6.518977952996983,4.828105287697697,3.490165345771301,0.578135855770729,0.5568181818181818,0.821969696969697,0.9090909090909091,6.810402066546748,het_gp,nuts,2019,15.0,false,skill,0,90.7241199016571,12046,7
239,5.127637940214288,4.03009374283145,2.9022123461351352,0.6550012344158017,0.5815899581589958,0.8870292887029289,0.9665271966527197,5.346546288733805,het_gp_noadv,nuts,2023,6.0,false,skill,0,94.23884010314941,10441,13
239,5.128077135801613,4.040912562771151,2.906912986160089,0.6544103629578525,0.5857740585774058,0.891213389121339,0.9623430962343096,5.346546288733805,het_gp_asof,nuts,2023,6.0,false,skill,0,108.8196668624878,10441,13
239,5.134526561715668,4.042539674718842,2.8986442712539087,0.6496121701810237,0.5774058577405857,0.899581589958159,0.9623430962343096,5.346546288733805,het_gp,nuts,2023,6.0,false,skill,0,94.54585075378418,10441,13
235,5.7421990654563135,4.432344922298633,3.222813943085017,0.5780162414776041,0.5659574468085107,0.8595744680851064,0.9234042553191489,6.217783722964968,het_gp_noadv,nuts,2023,9.0,false,skill,0,97.64829325675964,11173,7
235,5.725363995544584,4.415390672007028,3.207512514724687,0.5777674268608123,0.5702127659574469,0.8553191489361702,0.9276595744680851,6.217783722964968,het_gp_asof,nuts,2023,9.0,false,skill,0,115.55831718444824,11173,7
235,5.703609177332988,4.403370800541068,3.2065411898433047,0.5830392443641773,0.5659574468085107,0.8553191489361702,0.9191489361702128,6.217783722964968,het_gp,nuts,2023,9.0,false,skill,0,108.50473117828369,11173,7
266,5.16106506975305,3.891187920928502,2.8670497811698405,0.6907943733209952,0.6278195488721805,0.8909774436090225,0.9285714285714286,5.2369687105470595,het_gp_noadv,nuts,2023,12.0,false,skill,0,100.6252920627594,11891,7
266,5.173780423791461,3.9036740156815237,2.873249199675245,0.6884270056700963,0.6278195488721805,0.8872180451127819,0.9323308270676691,5.2369687105470595,het_gp_asof,nuts,2023,12.0,false,skill,0,116.99083590507507,11891,7
266,5.168270951578389,3.8842918106755215,2.8700568020602932,0.6926464997430926,0.6353383458646616,0.8872180451127819,0.9285714285714286,5.2369687105470595,het_gp,nuts,2023,12.0,false,skill,0,111.970223903656,11891,7
277,6.140838812230208,4.616803151165499,3.3792949903853677,0.549555428047491,0.5451263537906137,0.8303249097472925,0.8953068592057761,6.3499235358889266,het_gp_noadv,nuts,2023,15.0,false,skill,0,104.44836902618408,12638,8
277,6.143162316245251,4.6251017807548855,3.380749419793366,0.5485209677145155,0.5451263537906137,0.8339350180505415,0.9061371841155235,6.3499235358889266,het_gp_asof,nuts,2023,15.0,false,skill,0,126.06293296813965,12638,8
277,6.153579373191975,4.619797367629365,3.3749634883498274,0.5539378346669597,0.5487364620938628,0.8231046931407943,0.8953068592057761,6.3499235358889266,het_gp,nuts,2023,15.0,false,skill,0,119.78608012199402,12638,8
212,6.53669407814046,5.085373559522274,3.6024993973363415,0.48958585831796364,0.4858490566037736,0.8066037735849056,0.8867924528301887,7.091208309467432,het_gp_noadv,nuts,2024,6.0,false,skill,0,71.47295475006104,10366,18
212,6.549044065103023,5.106627862026771,3.6126989160418232,0.4866445780774182,0.49528301886792453,0.8018867924528302,0.8867924528301887,7.091208309467432,het_gp_asof,nuts,2024,6.0,false,skill,0,108.9306058883667,10366,18
212,6.58443392336161,5.112475233646395,3.6323014356230723,0.48603805711989245,0.49056603773584906,0.7877358490566038,0.8726415094339622,7.091208309467432,het_gp,nuts,2024,6.0,false,skill,0,99.23427033424377,10366,18
242,6.207468027093626,4.589703940149083,3.3839990424865376,0.6297441889500757,0.5909090909090909,0.7933884297520661,0.8884297520661157,6.30832915375937,het_gp_noadv,nuts,2024,9.0,false,skill,0,93.24464297294617,11120,14
242,6.208958870561285,4.613025322228247,3.391455757413622,0.6281736468555215,0.5909090909090909,0.7975206611570248,0.8884297520661157,6.30832915375937,het_gp_asof,nuts,2024,9.0,false,skill,0,88.5149450302124,11120,14
242,6.206010579744632,4.5783450153362315,3.3940471447272658,0.6340946201928502,0.5909090909090909,0.8099173553719008,0.8925619834710744,6.30832915375937,het_gp,nuts,2024,9.0,false,skill,0,101.50778198242188,11120,14
218,6.060545098617019,4.407767618863097,3.285307601919027,0.6508998641790396,0.6192660550458715,0.8256880733944955,0.8944954128440367,6.21878128932064,het_gp_noadv,nuts,2024,12.0,false,skill,0,100.01515293121338,11855,4
218,6.07427904365592,4.424129314231423,3.3014987359007937,0.650931725713372,0.6146788990825688,0.8211009174311926,0.8853211009174312,6.21878128932064,het_gp_asof,nuts,2024,12.0,false,skill,0,120.62164688110352,11855,4
218,6.064446082632698,4.413049978388519,3.2986728268177585,0.6496491541313333,0.6055045871559633,0.8211009174311926,0.8853211009174312,6.21878128932064,het_gp,nuts,2024,12.0,false,skill,0,111.45457005500793,11855,4
261,6.326732448474543,4.714248221271394,3.4288078630078207,0.5960163758965251,0.5287356321839081,0.8275862068965517,0.9042145593869731,6.303217316940058,het_gp_noadv,nuts,2024,15.0,false,skill,0,102.8454201221466,12562,7
261,6.338344799618964,4.721666341505481,3.437885683227043,0.592794789829318,0.5402298850574713,0.8314176245210728,0.9003831417624522,6.303217316940058,het_gp_asof,nuts,2024,15.0,false,skill,0,122.2351508140564,12562,7
261,6.2770126114371685,4.676363500811297,3.3925782863868092,0.6073226442662977,0.5325670498084292,0.8237547892720306,0.9118773946360154,6.303217316940058,het_gp,nuts,2024,15.0,false,skill,0,112.32531094551086,12562,7
226,6.425924858780545,4.893774780069932,3.5295172847098417,0.49632815069042074,0.5176991150442478,0.8053097345132744,0.9070796460176991,6.855604224227993,het_gp_noadv,nuts,2025,6.0,false,skill,0,92.49506902694702,10381,9
226,6.4194551788013925,4.8878473705449865,3.5246415184709643,0.49926999916416,0.5176991150442478,0.8097345132743363,0.9026548672566371,6.855604224227993,het_gp_asof,nuts,2025,6.0,false,skill,0,109.82530498504639,10381,9
226,6.4410263573014905,4.906845956694229,3.526738621925585,0.49491051139233155,0.504424778761062,0.8008849557522124,0.9070796460176991,6.855604224227993,het_gp,nuts,2025,6.0,false,skill,0,100.3594982624054,10381,9
218,6.322983196911654,4.562134352856729,3.359745932249881,0.5890299515668243,0.5779816513761468,0.8623853211009175,0.908256880733945,6.61838563256949,het_gp_noadv,nuts,2025,9.0,false,skill,0,113.2570309638977,11083,11
218,6.339136895322983,4.571644197966628,3.3821530987088986,0.5901729206394435,0.5688073394495413,0.8532110091743119,0.9036697247706422,6.61838563256949,het_gp_asof,nuts,2025,9.0,false,skill,0,86.64919304847717,11083,11
218,6.319710477261065,4.553219170772526,3.3626265797325856,0.5975775991423424,0.5642201834862385,0.8577981651376146,0.8990825688073395,6.61838563256949,het_gp,nuts,2025,9.0,false,skill,0,106.98214507102966,11083,11
227,6.191740993075468,4.6544021925967,3.3283086852314043,0.5959990064873618,0.5462555066079295,0.8370044052863436,0.9118942731277533,6.32451214974403,het_gp_noadv,nuts,2025,12.0,false,skill,0,104.27155303955078,11801,8
227,6.2199483215568785,4.664001590799177,3.347216498761287,0.5934305119860619,0.5418502202643172,0.8414096916299559,0.8986784140969163,6.32451214974403,het_gp_asof,nuts,2025,12.0,false,skill,0,115.161208152771,11801,8
227,6.232056421396499,4.670331671884076,3.347526125680937,0.6029111048765745,0.5242290748898678,0.8325991189427313,0.9030837004405287,6.32451214974403,het_gp,nuts,2025,12.0,false,skill,0,105.74604320526123,11801,8
256,6.5239737583420485,4.817052274549029,3.523310038348629,0.565650732588716,0.53125,0.8203125,0.8984375,6.687554571973249,het_gp_noadv,nuts,2025,15.0,false,skill,0,107.68939781188965,12547,9
256,6.51005887036802,4.803824522783272,3.517863406132882,0.5642395238650171,0.53125,0.828125,0.8984375,6.687554571973249,het_gp_asof,nuts,2025,15.0,false,skill,0,122.34313297271729,12547,9
256,6.539674115290773,4.805918233144752,3.516092780432694,0.5684566948773587,0.55859375,0.84375,0.90625,6.687554571973249,het_gp,nuts,2025,15.0,false,skill,0,112.75395202636719,12547,9
