n,rmse,mae,crps,spearman,cov50,cov80,cov90,rmse_base,model,method,season,week,shrunk,positions,pos
65,6.785518057825438,5.3656896465104635,3.8351222846295525,0.5785441910904617,0.49230769230769234,0.8153846153846154,0.8923076923076924,7.484612078969061,het_gp,nuts,2019,6.0,false,skill,RB
50,5.385746055390864,3.8623433113211183,2.9240142376288545,0.4481914151396544,0.6,0.86,0.92,5.530216546895389,het_gp,nuts,2019,6.0,false,skill,TE
101,6.82980703042927,5.106499129359337,3.7025565423835003,0.5355116811433351,0.5247524752475248,0.8316831683168316,0.8910891089108911,7.8453895669779055,het_gp,nuts,2019,6.0,false,skill,WR
65,6.7376862171386325,5.358045636910429,3.8420828549432073,0.5867182505316553,0.5076923076923077,0.8307692307692308,0.8923076923076924,7.484612078969061,het_gp_vegas,nuts,2019,6.0,false,skill,RB
50,5.348779051464121,3.8702105228746175,2.910874970172596,0.4602008314081339,0.56,0.86,0.92,5.530216546895389,het_gp_vegas,nuts,2019,6.0,false,skill,TE
101,6.828128717653659,5.089983077752563,3.7168798188449688,0.5377905286578325,0.5346534653465347,0.8316831683168316,0.8811881188118812,7.8453895669779055,het_gp_vegas,nuts,2019,6.0,false,skill,WR
65,6.737639914817606,5.354195672525208,3.8182133730967007,0.5882918662529545,0.46153846153846156,0.8153846153846154,0.8923076923076924,7.484612078969061,het_gp_ctx,nuts,2019,6.0,false,skill,RB
50,5.338077560466316,3.8850049896064642,2.9295297210078406,0.45823128714010325,0.56,0.86,0.92,5.530216546895389,het_gp_ctx,nuts,2019,6.0,false,skill,TE
101,6.8296097853699065,5.0901152545185795,3.7210597707602595,0.5354009443075922,0.5247524752475248,0.8316831683168316,0.8910891089108911,7.8453895669779055,het_gp_ctx,nuts,2019,6.0,false,skill,WR
65,6.741834969495274,5.33266998351082,3.8107617903891127,0.5852757694537976,0.46153846153846156,0.8153846153846154,0.8923076923076924,7.484612078969061,het_gp_ctx_novegas,nuts,2019,6.0,false,skill,RB
50,5.404578054595662,3.866813000019057,2.920906980417344,0.46159392369527746,0.6,0.84,0.92,5.530216546895389,het_gp_ctx_novegas,nuts,2019,6.0,false,skill,TE
101,6.827520775862723,5.09772753756179,3.717079285945808,0.5366831603004041,0.5445544554455446,0.8316831683168316,0.8910891089108911,7.8453895669779055,het_gp_ctx_novegas,nuts,2019,6.0,false,skill,WR
69,6.195548649977832,5.164308877592863,3.561743317005105,0.6179340118247484,0.5652173913043478,0.8115942028985508,0.9130434782608695,6.959293921732983,het_gp,nuts,2019,9.0,false,skill,RB
53,4.9858285728716,3.596040141757934,2.70071578962663,0.6304984364350001,0.660377358490566,0.8867924528301887,0.9056603773584906,5.431213011539767,het_gp,nuts,2019,9.0,false,skill,TE
104,6.955423146396518,5.345244654587844,3.817863255790168,0.4989793190121259,0.5288461538461539,0.7980769230769231,0.8942307692307693,8.081793840454765,het_gp,nuts,2019,9.0,false,skill,WR
69,6.195190494988144,5.161473584346874,3.529640236817929,0.6309058392860332,0.5362318840579711,0.8405797101449275,0.9130434782608695,6.959293921732983,het_gp_vegas,nuts,2019,9.0,false,skill,RB
53,4.971387827294018,3.524396224033054,2.7024207792332047,0.6480447751112988,0.6415094339622641,0.8867924528301887,0.9056603773584906,5.431213011539767,het_gp_vegas,nuts,2019,9.0,false,skill,TE
104,6.913960011984617,5.330986131640673,3.809482832147649,0.5075082413758158,0.5192307692307693,0.8269230769230769,0.9038461538461539,8.081793840454765,het_gp_vegas,nuts,2019,9.0,false,skill,WR
69,6.198661226930221,5.171271025498833,3.5451056134680696,0.6325501554430973,0.5362318840579711,0.8260869565217391,0.9130434782608695,6.959293921732983,het_gp_ctx,nuts,2019,9.0,false,skill,RB
53,5.035772925750429,3.5781421893803946,2.720704933288113,0.6250126845729849,0.660377358490566,0.8679245283018868,0.9245283018867925,5.431213011539767,het_gp_ctx,nuts,2019,9.0,false,skill,TE
104,6.932160853576048,5.342254535899166,3.8282945513796496,0.5056989142911532,0.5192307692307693,0.8365384615384616,0.8942307692307693,8.081793840454765,het_gp_ctx,nuts,2019,9.0,false,skill,WR
69,6.199170405041692,5.172566608870461,3.546085125012794,0.6175686082342896,0.5507246376811594,0.8115942028985508,0.9130434782608695,6.959293921732983,het_gp_ctx_novegas,nuts,2019,9.0,false,skill,RB
53,5.010948488559488,3.6001252704021978,2.7390285649410018,0.6304177636134999,0.660377358490566,0.8867924528301887,0.9245283018867925,5.431213011539767,het_gp_ctx_novegas,nuts,2019,9.0,false,skill,TE
104,6.919086302776311,5.312461987669992,3.8189610384068797,0.5022724010511727,0.5096153846153846,0.8076923076923077,0.8942307692307693,8.081793840454765,het_gp_ctx_novegas,nuts,2019,9.0,false,skill,WR
72,6.019722619517668,4.317627187253085,3.298297365576565,0.6644152960455421,0.625,0.8333333333333334,0.8888888888888888,5.992804266543797,het_gp,nuts,2019,12.0,false,skill,RB
51,5.136529096346966,3.9544046647688353,2.89849293666836,0.41460480947467154,0.5098039215686274,0.8235294117647058,0.9215686274509803,5.4679224109559135,het_gp,nuts,2019,12.0,false,skill,TE
107,6.7213986922932785,5.28614253811342,3.712376160667834,0.5758474313220286,0.5233644859813084,0.8317757009345794,0.9158878504672897,7.149244297676023,het_gp,nuts,2019,12.0,false,skill,WR
72,5.982923961225189,4.300121254341963,3.271994157868898,0.6699794284018147,0.6111111111111112,0.8333333333333334,0.875,5.992804266543797,het_gp_vegas,nuts,2019,12.0,false,skill,RB
51,5.120568974707894,3.9307729764224564,2.8647876655944846,0.3972046733768413,0.49019607843137253,0.8235294117647058,0.9215686274509803,5.4679224109559135,het_gp_vegas,nuts,2019,12.0,false,skill,TE
107,6.678995193067501,5.245128081336803,3.693796773676175,0.581374193554091,0.4953271028037383,0.8130841121495327,0.9158878504672897,7.149244297676023,het_gp_vegas,nuts,2019,12.0,false,skill,WR
72,5.967253997604106,4.2915424492992384,3.2599323110680514,0.6694648265653965,0.625,0.8472222222222222,0.875,5.992804266543797,het_gp_ctx,nuts,2019,12.0,false,skill,RB
51,5.110506891442093,3.9284167738959144,2.880597839836714,0.4122878200726106,0.5098039215686274,0.8235294117647058,0.9215686274509803,5.4679224109559135,het_gp_ctx,nuts,2019,12.0,false,skill,TE
107,6.674674993015643,5.225775873318319,3.6904392458336455,0.5838899247209483,0.5233644859813084,0.8317757009345794,0.9158878504672897,7.149244297676023,het_gp_ctx,nuts,2019,12.0,false,skill,WR
72,6.0204488850762745,4.337250285965802,3.2864122421892903,0.6715071526036815,0.6388888888888888,0.8472222222222222,0.875,5.992804266543797,het_gp_ctx_novegas,nuts,2019,12.0,false,skill,RB
51,5.127128364745638,3.910344013560723,2.8638365593927086,0.4206925855506749,0.5098039215686274,0.8235294117647058,0.9215686274509803,5.4679224109559135,het_gp_ctx_novegas,nuts,2019,12.0,false,skill,TE
107,6.696900368300159,5.239397757982616,3.707004432801205,0.5762495559919746,0.514018691588785,0.822429906542056,0.9158878504672897,7.149244297676023,het_gp_ctx_novegas,nuts,2019,12.0,false,skill,WR
88,6.876058229481964,5.0012072240045695,3.6208826035414363,0.6342593226340301,0.5681818181818182,0.8409090909090909,0.9318181818181818,7.234735224666875,het_gp,nuts,2019,15.0,false,skill,RB
59,4.6900087807350745,3.6059518712354572,2.643159367870824,0.49448349859937235,0.6101694915254238,0.8813559322033898,0.9152542372881356,4.959730850922811,het_gp,nuts,2019,15.0,false,skill,TE
117,7.114548177886483,5.354348635814005,3.8725796094129152,0.5290323345088053,0.5384615384615384,0.7777777777777778,0.8888888888888888,7.272096663747077,het_gp,nuts,2019,15.0,false,skill,WR
88,6.842351651535127,4.96458743776748,3.6013850740174322,0.6450206751500149,0.5454545454545454,0.8522727272727273,0.9318181818181818,7.234735224666875,het_gp_vegas,nuts,2019,15.0,false,skill,RB
59,4.681623201672778,3.6289877153898664,2.6284378838659266,0.4857155424802275,0.6610169491525424,0.8813559322033898,0.9152542372881356,4.959730850922811,het_gp_vegas,nuts,2019,15.0,false,skill,TE
117,7.115582536366452,5.366826547478159,3.8648588895995464,0.5331165135909967,0.5641025641025641,0.7692307692307693,0.8888888888888888,7.272096663747077,het_gp_vegas,nuts,2019,15.0,false,skill,WR
88,6.846089437685351,4.965589881949662,3.6201701531869435,0.6359853660817658,0.5681818181818182,0.8522727272727273,0.9204545454545454,7.234735224666875,het_gp_ctx,nuts,2019,15.0,false,skill,RB
59,4.705993508846127,3.6602360267532568,2.6349002385795286,0.5018778082598513,0.576271186440678,0.8813559322033898,0.9152542372881356,4.959730850922811,het_gp_ctx,nuts,2019,15.0,false,skill,TE
117,7.143105101763295,5.38901382401614,3.888983720978011,0.5250418292587743,0.5470085470085471,0.7606837606837606,0.8888888888888888,7.272096663747077,het_gp_ctx,nuts,2019,15.0,false,skill,WR
88,6.889048254204983,5.03763028659166,3.628974440400503,0.6289931288496119,0.5568181818181818,0.8636363636363636,0.9318181818181818,7.234735224666875,het_gp_ctx_novegas,nuts,2019,15.0,false,skill,RB
59,4.750144553179684,3.647043309409782,2.6782020487163316,0.47799974109538,0.6101694915254238,0.8813559322033898,0.9152542372881356,4.959730850922811,het_gp_ctx_novegas,nuts,2019,15.0,false,skill,TE
117,7.104834997656763,5.352652824771408,3.8786090672298656,0.5396661879356485,0.5470085470085471,0.7692307692307693,0.8888888888888888,7.272096663747077,het_gp_ctx_novegas,nuts,2019,15.0,false,skill,WR
74,5.291660151471334,4.090310884381731,2.980316235883543,0.6967778302017141,0.6216216216216216,0.8918918918918919,0.9864864864864865,5.191852321236182,het_gp,nuts,2023,6.0,false,skill,RB
54,4.34009769470927,3.718542415930256,2.569113871485558,0.46914945239744593,0.5,0.9259259259259259,0.9629629629629629,4.990763119237946,het_gp,nuts,2023,6.0,false,skill,TE
111,5.367128082603484,4.1483539810165,3.0321198695244616,0.6507008395618588,0.6126126126126126,0.8828828828828829,0.9459459459459459,5.60906363084025,het_gp,nuts,2023,6.0,false,skill,WR
74,5.268023949180927,4.075757148660306,2.9632833390569315,0.6919049472381829,0.6351351351351351,0.9054054054054054,0.9864864864864865,5.191852321236182,het_gp_vegas,nuts,2023,6.0,false,skill,RB
54,4.313226665426785,3.677734652516791,2.538938372161429,0.45670597981738187,0.5370370370370371,0.9259259259259259,0.9629629629629629,4.990763119237946,het_gp_vegas,nuts,2023,6.0,false,skill,TE
111,5.361832230229272,4.131009174778628,3.0086028089587145,0.6478959810434899,0.6036036036036037,0.8828828828828829,0.954954954954955,5.60906363084025,het_gp_vegas,nuts,2023,6.0,false,skill,WR
74,5.2799382083242286,4.1015357945926185,2.9685386430855654,0.6892537434373559,0.6216216216216216,0.9054054054054054,0.9864864864864865,5.191852321236182,het_gp_ctx,nuts,2023,6.0,false,skill,RB
54,4.302695095731498,3.6636956469160116,2.529458049541969,0.45704951126897875,0.5,0.9259259259259259,0.9629629629629629,4.990763119237946,het_gp_ctx,nuts,2023,6.0,false,skill,TE
111,5.364021506896682,4.147773771129642,3.01177623947009,0.6507140079117102,0.6486486486486487,0.8738738738738738,0.9459459459459459,5.60906363084025,het_gp_ctx,nuts,2023,6.0,false,skill,WR
74,5.276275910207527,4.094485801729412,2.9768634759594748,0.6966000958686978,0.6081081081081081,0.918918918918919,0.9864864864864865,5.191852321236182,het_gp_ctx_novegas,nuts,2023,6.0,false,skill,RB
54,4.359973389515264,3.727799665135035,2.548834056136843,0.4545684507852236,0.5185185185185185,0.9259259259259259,0.9629629629629629,4.990763119237946,het_gp_ctx_novegas,nuts,2023,6.0,false,skill,TE
111,5.345183534948216,4.13883139120088,3.017107366331912,0.6501521583180465,0.6216216216216216,0.8648648648648649,0.9459459459459459,5.60906363084025,het_gp_ctx_novegas,nuts,2023,6.0,false,skill,WR
64,5.123789154414215,4.031412091370996,2.962615605286206,0.7048506621506413,0.625,0.9375,0.96875,5.942811599147049,het_gp,nuts,2023,9.0,false,skill,RB
54,6.277729214059842,4.767423124351614,3.465752448241676,0.5497985643319584,0.46296296296296297,0.7592592592592593,0.8703703703703703,6.52877117282463,het_gp,nuts,2023,9.0,false,skill,TE
117,5.79516510240175,4.4895278887459416,3.258330335832081,0.5440773959511845,0.5897435897435898,0.8461538461538461,0.9145299145299145,6.21774783033788,het_gp,nuts,2023,9.0,false,skill,WR
64,5.1099017955295025,3.9965667406281007,2.924917462952627,0.704003485874018,0.640625,0.921875,0.96875,5.942811599147049,het_gp_vegas,nuts,2023,9.0,false,skill,RB
54,6.25543038671196,4.7001510521436085,3.4327426524772,0.5605295080408755,0.5,0.7777777777777778,0.8703703703703703,6.52877117282463,het_gp_vegas,nuts,2023,9.0,false,skill,TE
117,5.7826804519817685,4.448289026705616,3.2342516104816967,0.5432715941206882,0.5811965811965812,0.8547008547008547,0.9230769230769231,6.21774783033788,het_gp_vegas,nuts,2023,9.0,false,skill,WR
64,5.084670409661452,3.985104159790723,2.924015865559894,0.7014390603880228,0.65625,0.9375,0.96875,5.942811599147049,het_gp_ctx,nuts,2023,9.0,false,skill,RB
54,6.259263452988838,4.7040855661190975,3.4410392284461233,0.5643483492184261,0.5,0.7592592592592593,0.8703703703703703,6.52877117282463,het_gp_ctx,nuts,2023,9.0,false,skill,TE
117,5.771216513741086,4.43970863743648,3.233140881699238,0.5448007436408859,0.5811965811965812,0.8547008547008547,0.9230769230769231,6.21774783033788,het_gp_ctx,nuts,2023,9.0,false,skill,WR
64,5.1149551386630145,4.0194923658412245,2.9508583970420372,0.7082164706010098,0.625,0.921875,0.96875,5.942811599147049,het_gp_ctx_novegas,nuts,2023,9.0,false,skill,RB
54,6.2810987012986885,4.749163419710834,3.471996797544231,0.5504095789203665,0.48148148148148145,0.7592592592592593,0.8703703703703703,6.52877117282463,het_gp_ctx_novegas,nuts,2023,9.0,false,skill,TE
117,5.797087506717187,4.477229069342167,3.255971729252396,0.545081837302687,0.5982905982905983,0.8547008547008547,0.9230769230769231,6.21774783033788,het_gp_ctx_novegas,nuts,2023,9.0,false,skill,WR
76,5.808751941931268,4.2228189964064695,3.1501873330727235,0.7561540867588463,0.5921052631578947,0.8947368421052632,0.9342105263157895,5.779892837056813,het_gp,nuts,2023,12.0,false,skill,RB
58,4.326101899987795,3.0704470438438225,2.349423801472767,0.5134520772182276,0.6896551724137931,0.896551724137931,0.9137931034482759,4.4728974515130915,het_gp,nuts,2023,12.0,false,skill,TE
132,5.1138983128246664,4.067426054779965,2.9295968813648843,0.6756589331346247,0.6136363636363636,0.8939393939393939,0.9393939393939394,5.219380009286757,het_gp,nuts,2023,12.0,false,skill,WR
76,5.79303470913231,4.1945460050663685,3.143850932752037,0.7580544866731335,0.5921052631578947,0.881578947368421,0.9210526315789473,5.779892837056813,het_gp_vegas,nuts,2023,12.0,false,skill,RB
58,4.3276129453368,3.0797118384379227,2.3452176654274832,0.5093272224012467,0.7068965517241379,0.896551724137931,0.9137931034482759,4.4728974515130915,het_gp_vegas,nuts,2023,12.0,false,skill,TE
132,5.07875178635779,4.036636419553984,2.916049094899352,0.681143525053717,0.6136363636363636,0.8939393939393939,0.9393939393939394,5.219380009286757,het_gp_vegas,nuts,2023,12.0,false,skill,WR
76,5.778489222207826,4.199202864141733,3.155832816155974,0.7580544866731335,0.5789473684210527,0.8947368421052632,0.9342105263157895,5.779892837056813,het_gp_ctx,nuts,2023,12.0,false,skill,RB
58,4.328696326748751,3.0886090693019876,2.3475124781127676,0.5037863726470931,0.6896551724137931,0.896551724137931,0.9137931034482759,4.4728974515130915,het_gp_ctx,nuts,2023,12.0,false,skill,TE
132,5.074217500766807,4.039360571775669,2.91644870865109,0.6799772012726352,0.6136363636363636,0.8939393939393939,0.9393939393939394,5.219380009286757,het_gp_ctx,nuts,2023,12.0,false,skill,WR
76,5.804165745539499,4.198578415749477,3.144161264736491,0.7580955024986217,0.5789473684210527,0.8947368421052632,0.9342105263157895,5.779892837056813,het_gp_ctx_novegas,nuts,2023,12.0,false,skill,RB
58,4.329154684911868,3.0676229113201177,2.3398678046060284,0.5127748622482756,0.6896551724137931,0.896551724137931,0.9137931034482759,4.4728974515130915,het_gp_ctx_novegas,nuts,2023,12.0,false,skill,TE
132,5.0972565537893555,4.0608165428590635,2.9338474818533804,0.6739472812321866,0.6212121212121212,0.8939393939393939,0.946969696969697,5.219380009286757,het_gp_ctx_novegas,nuts,2023,12.0,false,skill,WR
79,6.915108009774789,5.095406191033648,3.7539331917705856,0.5267001832808863,0.5316455696202531,0.7848101265822784,0.8860759493670886,7.07472294932604,het_gp,nuts,2023,15.0,false,skill,RB
68,5.1677917599229,3.682792834907925,2.8076107710378504,0.5670910354208318,0.6470588235294118,0.8235294117647058,0.8676470588235294,5.304557751885795,het_gp,nuts,2023,15.0,false,skill,TE
130,6.110720824570599,4.817395532236359,3.436891082680744,0.5626675462129813,0.49230769230769234,0.8615384615384616,0.9153846153846154,6.386025722336743,het_gp,nuts,2023,15.0,false,skill,WR
79,6.872247470332837,5.041591481868568,3.718425267027494,0.5301449753277662,0.5443037974683544,0.7974683544303798,0.8987341772151899,7.07472294932604,het_gp_vegas,nuts,2023,15.0,false,skill,RB
68,5.1934810893521535,3.7173432475752635,2.8238215635848967,0.5452482366512948,0.6176470588235294,0.8235294117647058,0.8823529411764706,5.304557751885795,het_gp_vegas,nuts,2023,15.0,false,skill,TE
130,6.133354548832459,4.817757434345019,3.451956727566299,0.5484615861189825,0.5076923076923077,0.8615384615384616,0.9076923076923077,6.386025722336743,het_gp_vegas,nuts,2023,15.0,false,skill,WR
79,6.867080059332584,5.0465004802456015,3.717073428373234,0.5277713553661352,0.5189873417721519,0.7974683544303798,0.8987341772151899,7.07472294932604,het_gp_ctx,nuts,2023,15.0,false,skill,RB
68,5.176636524876284,3.70737847160947,2.8046710028100046,0.5578799864209046,0.6617647058823529,0.8235294117647058,0.8823529411764706,5.304557751885795,het_gp_ctx,nuts,2023,15.0,false,skill,TE
130,6.14716464531593,4.8238590820650575,3.4581664809445276,0.5440989322205755,0.5153846153846153,0.8615384615384616,0.9076923076923077,6.386025722336743,het_gp_ctx,nuts,2023,15.0,false,skill,WR
79,6.916606187669986,5.102017085323846,3.7515280459033176,0.5210156677830317,0.5316455696202531,0.7974683544303798,0.8987341772151899,7.07472294932604,het_gp_ctx_novegas,nuts,2023,15.0,false,skill,RB
68,5.17452370019753,3.682579161256431,2.7991026874978964,0.5640716459146317,0.6617647058823529,0.8235294117647058,0.8676470588235294,5.304557751885795,het_gp_ctx_novegas,nuts,2023,15.0,false,skill,TE
130,6.14921595884976,4.825627790401833,3.4548516954988746,0.5524688860031085,0.5076923076923077,0.8461538461538461,0.9076923076923077,6.386025722336743,het_gp_ctx_novegas,nuts,2023,15.0,false,skill,WR
66,7.677059233497724,5.914895456283214,4.173031614003431,0.44582237730259633,0.4393939393939394,0.7878787878787878,0.8333333333333334,8.204230141445613,het_gp,nuts,2024,6.0,false,skill,RB
47,4.864731410372682,3.9098776693281656,2.754712650983315,0.5706268645218023,0.48936170212765956,0.851063829787234,0.9148936170212766,5.897685049914969,het_gp,nuts,2024,6.0,false,skill,TE
99,6.3778969320423435,5.069307408321175,3.626718707456234,0.4930223229899627,0.5252525252525253,0.8080808080808081,0.898989898989899,6.8040864239878225,het_gp,nuts,2024,6.0,false,skill,WR
66,7.623575273195119,5.869572835535887,4.127787003251716,0.44981001774770235,0.45454545454545453,0.7878787878787878,0.8484848484848485,8.204230141445613,het_gp_vegas,nuts,2024,6.0,false,skill,RB
47,4.8455393636648845,3.9060608913773716,2.7414926406977513,0.5743889850405078,0.5106382978723404,0.8297872340425532,0.9361702127659575,5.897685049914969,het_gp_vegas,nuts,2024,6.0,false,skill,TE
99,6.353197885241127,5.070146755641161,3.615929522246729,0.4992082218242303,0.5353535353535354,0.7878787878787878,0.898989898989899,6.8040864239878225,het_gp_vegas,nuts,2024,6.0,false,skill,WR
66,7.610964965300589,5.8451464007489555,4.139444447932448,0.45352624811015735,0.45454545454545453,0.7878787878787878,0.8484848484848485,8.204230141445613,het_gp_ctx,nuts,2024,6.0,false,skill,RB
47,4.834097070555562,3.8970162083404305,2.746437027026126,0.5690641375371093,0.5106382978723404,0.8085106382978723,0.9148936170212766,5.897685049914969,het_gp_ctx,nuts,2024,6.0,false,skill,TE
99,6.355190627955462,5.0813092342390025,3.61567449383501,0.5010206901826707,0.5353535353535354,0.7878787878787878,0.9090909090909091,6.8040864239878225,het_gp_ctx,nuts,2024,6.0,false,skill,WR
66,7.666766986222195,5.919536320208174,4.159597501138093,0.4404776864442342,0.45454545454545453,0.7727272727272727,0.8333333333333334,8.204230141445613,het_gp_ctx_novegas,nuts,2024,6.0,false,skill,RB
47,4.865250658342825,3.9269182608490176,2.7441827112784556,0.5688905012054768,0.5106382978723404,0.8085106382978723,0.8936170212765957,5.897685049914969,het_gp_ctx_novegas,nuts,2024,6.0,false,skill,TE
99,6.38696902027367,5.096203380176817,3.632093930333607,0.4862054624745998,0.5252525252525253,0.8080808080808081,0.898989898989899,6.8040864239878225,het_gp_ctx_novegas,nuts,2024,6.0,false,skill,WR
75,6.0520691858927504,4.68766129897013,3.4093207244977823,0.7136333301728319,0.56,0.8,0.9066666666666666,6.033908279520114,het_gp,nuts,2024,9.0,false,skill,RB
55,5.620253971748006,4.159076751292518,3.043809064069433,0.4381975866692997,0.6,0.7090909090909091,0.8363636363636363,5.550689086308971,het_gp,nuts,2024,9.0,false,skill,TE
112,6.570948923781395,4.72676204966733,3.5544246921065126,0.6340524987088141,0.625,0.8392857142857143,0.9017857142857143,6.817278564304725,het_gp,nuts,2024,9.0,false,skill,WR
75,6.0067715543597195,4.686877184161614,3.3950191108140766,0.7163648320944696,0.56,0.8,0.9066666666666666,6.033908279520114,het_gp_vegas,nuts,2024,9.0,false,skill,RB
55,5.609634086323714,4.157179288118783,3.0405003796124417,0.4315894153993795,0.5818181818181818,0.7272727272727273,0.8545454545454545,5.550689086308971,het_gp_vegas,nuts,2024,9.0,false,skill,TE
112,6.576069478267137,4.7649668396039555,3.554005994683994,0.6279765877617752,0.625,0.8482142857142857,0.8928571428571429,6.817278564304725,het_gp_vegas,nuts,2024,9.0,false,skill,WR
75,6.017782376989139,4.7248621829020125,3.4061454749247377,0.7004879771749511,0.5466666666666666,0.8,0.92,6.033908279520114,het_gp_ctx,nuts,2024,9.0,false,skill,RB
55,5.609611810691165,4.151395800663273,3.0329006500855864,0.4429280262122481,0.5818181818181818,0.7454545454545455,0.8545454545454545,5.550689086308971,het_gp_ctx,nuts,2024,9.0,false,skill,TE
112,6.565108551935205,4.772381976536665,3.565852698467148,0.6295019746872976,0.6160714285714286,0.8392857142857143,0.8928571428571429,6.817278564304725,het_gp_ctx,nuts,2024,9.0,false,skill,WR
75,6.053316129127394,4.690745833594381,3.410410366670826,0.7023089784560429,0.5333333333333333,0.8,0.9066666666666666,6.033908279520114,het_gp_ctx_novegas,nuts,2024,9.0,false,skill,RB
55,5.584963582985017,4.115058438191235,3.0320843856715545,0.44476964771370125,0.6181818181818182,0.7636363636363637,0.8363636363636363,5.550689086308971,het_gp_ctx_novegas,nuts,2024,9.0,false,skill,TE
112,6.582439865998953,4.745685762898305,3.5439310660084393,0.6362572596431825,0.6339285714285714,0.8303571428571429,0.8928571428571429,6.817278564304725,het_gp_ctx_novegas,nuts,2024,9.0,false,skill,WR
62,6.721623425041449,4.7224819091509636,3.5525180513138577,0.6803264375068011,0.5967741935483871,0.7903225806451613,0.8709677419354839,6.8135353650568,het_gp,nuts,2024,12.0,false,skill,RB
50,5.8260022769225195,4.326985164171578,3.245968474234459,0.5673769460897757,0.52,0.74,0.84,5.740974257795296,het_gp,nuts,2024,12.0,false,skill,TE
106,5.768489427934111,4.282441895630586,3.1740003070254357,0.6805253304993272,0.660377358490566,0.8679245283018868,0.9150943396226415,6.069194429069739,het_gp,nuts,2024,12.0,false,skill,WR
62,6.735998573331577,4.755336990537076,3.5619889125535327,0.6745837982949412,0.5806451612903226,0.7903225806451613,0.8709677419354839,6.8135353650568,het_gp_vegas,nuts,2024,12.0,false,skill,RB
50,5.825731860343542,4.367262064666999,3.2616107863401465,0.5430992509723942,0.5,0.76,0.82,5.740974257795296,het_gp_vegas,nuts,2024,12.0,false,skill,TE
106,5.778005035554042,4.31401494796122,3.1737622438186825,0.6762160389944099,0.6415094339622641,0.8679245283018868,0.9150943396226415,6.069194429069739,het_gp_vegas,nuts,2024,12.0,false,skill,WR
62,6.719205175772234,4.760859169658942,3.595773894944268,0.6855401494228319,0.5806451612903226,0.7903225806451613,0.8709677419354839,6.8135353650568,het_gp_ctx,nuts,2024,12.0,false,skill,RB
50,5.784305474567482,4.350894092495229,3.2306115683057595,0.5661750799948558,0.52,0.76,0.82,5.740974257795296,het_gp_ctx,nuts,2024,12.0,false,skill,TE
106,5.786918616517675,4.315938967838471,3.1670445745616997,0.6749408919175163,0.660377358490566,0.8679245283018868,0.9150943396226415,6.069194429069739,het_gp_ctx,nuts,2024,12.0,false,skill,WR
62,6.706323873153206,4.729276603990787,3.554655180970925,0.6895952586908559,0.5806451612903226,0.8064516129032258,0.8709677419354839,6.8135353650568,het_gp_ctx_novegas,nuts,2024,12.0,false,skill,RB
50,5.8178138739291905,4.322413529163728,3.2397299099130135,0.5653578110503104,0.54,0.8,0.82,5.740974257795296,het_gp_ctx_novegas,nuts,2024,12.0,false,skill,TE
106,5.7800736502947565,4.282347221485294,3.1647351536318205,0.6769468545127877,0.6698113207547169,0.8679245283018868,0.9245283018867925,6.069194429069739,het_gp_ctx_novegas,nuts,2024,12.0,false,skill,WR
75,6.312063058369943,4.874495268105934,3.537909407915942,0.635592860274876,0.52,0.8,0.92,6.400431007012229,het_gp,nuts,2024,15.0,false,skill,RB
59,4.722341746145504,3.7116804736969073,2.631988610644711,0.460495011394476,0.5423728813559322,0.8305084745762712,0.9322033898305084,4.574843231754882,het_gp,nuts,2024,15.0,false,skill,TE
127,6.95280893722074,5.091465760683098,3.7335851174977908,0.6259122563397228,0.5118110236220472,0.8346456692913385,0.889763779527559,6.909104540106012,het_gp,nuts,2024,15.0,false,skill,WR
75,6.297740493816559,4.914861863655616,3.535449184562603,0.6334589958409981,0.5066666666666667,0.8,0.92,6.400431007012229,het_gp_vegas,nuts,2024,15.0,false,skill,RB
59,4.723011138386601,3.7206977318382584,2.6480834686229024,0.45727905994673346,0.576271186440678,0.847457627118644,0.9322033898305084,4.574843231754882,het_gp_vegas,nuts,2024,15.0,false,skill,TE
127,6.984043263250511,5.1714215531416015,3.759320215556371,0.625211527335567,0.5196850393700787,0.8346456692913385,0.8818897637795275,6.909104540106012,het_gp_vegas,nuts,2024,15.0,false,skill,WR
75,6.316341685220649,4.926885677808852,3.537563477564564,0.6342556385629792,0.52,0.8133333333333334,0.92,6.400431007012229,het_gp_ctx,nuts,2024,15.0,false,skill,RB
59,4.736492782403753,3.7347685909509547,2.6571915332051956,0.45926710265988346,0.559322033898305,0.847457627118644,0.9322033898305084,4.574843231754882,het_gp_ctx,nuts,2024,15.0,false,skill,TE
127,7.003002703174037,5.189618602716873,3.769642603254114,0.6214381456269957,0.5196850393700787,0.8346456692913385,0.8818897637795275,6.909104540106012,het_gp_ctx,nuts,2024,15.0,false,skill,WR
75,6.3305465713372095,4.898013842170673,3.5546590842300514,0.6340138005938064,0.5333333333333333,0.8133333333333334,0.9066666666666666,6.400431007012229,het_gp_ctx_novegas,nuts,2024,15.0,false,skill,RB
59,4.733056208907575,3.7338650221410044,2.6417086737110878,0.4656697696331162,0.5423728813559322,0.847457627118644,0.9322033898305084,4.574843231754882,het_gp_ctx_novegas,nuts,2024,15.0,false,skill,TE
127,6.967170379143361,5.1116615774354806,3.7401123811820423,0.6244345683979047,0.5275590551181102,0.8346456692913385,0.8818897637795275,6.909104540106012,het_gp_ctx_novegas,nuts,2024,15.0,false,skill,WR
71,6.889610132785414,5.109948167578477,3.744351226291228,0.6098432150218545,0.5352112676056338,0.8309859154929577,0.9014084507042254,7.142861161302245,het_gp,nuts,2025,6.0,false,skill,RB
56,4.936740937208619,3.800658384457529,2.7550005039665644,0.5177753578514878,0.5357142857142857,0.8035714285714286,0.9285714285714286,5.062141717676548,het_gp,nuts,2025,6.0,false,skill,TE
99,6.8004401652484585,5.342584207878832,3.794935905051453,0.3740728355357187,0.47474747474747475,0.797979797979798,0.9090909090909091,7.497053448499088,het_gp,nuts,2025,6.0,false,skill,WR
71,6.877309191286823,5.158573622121691,3.761799912102445,0.615091810663678,0.5352112676056338,0.8309859154929577,0.9014084507042254,7.142861161302245,het_gp_vegas,nuts,2025,6.0,false,skill,RB
56,4.931143616656097,3.7923809263360733,2.743089062635388,0.5213987940390007,0.5714285714285714,0.8035714285714286,0.9464285714285714,5.062141717676548,het_gp_vegas,nuts,2025,6.0,false,skill,TE
99,6.7930155722941485,5.358731344919595,3.796707262010825,0.37865076892577326,0.45454545454545453,0.7878787878787878,0.9090909090909091,7.497053448499088,het_gp_vegas,nuts,2025,6.0,false,skill,WR
71,6.897020162671226,5.1506983819120125,3.7544073002177467,0.6134820177511698,0.5352112676056338,0.8028169014084507,0.9014084507042254,7.142861161302245,het_gp_ctx,nuts,2025,6.0,false,skill,RB
56,4.95453189887017,3.7974654603994153,2.7608000537384405,0.5202707431504354,0.5892857142857143,0.8035714285714286,0.9285714285714286,5.062141717676548,het_gp_ctx,nuts,2025,6.0,false,skill,TE
99,6.787306553317921,5.345426075589616,3.8020265397930695,0.3824430299637509,0.47474747474747475,0.797979797979798,0.9090909090909091,7.497053448499088,het_gp_ctx,nuts,2025,6.0,false,skill,WR
71,6.919891781660489,5.143949530795225,3.764896861622678,0.611754844105458,0.5211267605633803,0.8169014084507042,0.8873239436619719,7.142861161302245,het_gp_ctx_novegas,nuts,2025,6.0,false,skill,RB
56,4.957736032187513,3.8163100765070053,2.77663828117801,0.5241334628597651,0.5535714285714286,0.7857142857142857,0.9107142857142857,5.062141717676548,het_gp_ctx_novegas,nuts,2025,6.0,false,skill,TE
99,6.809445006396945,5.360641013234621,3.794706365379458,0.367372968155409,0.48484848484848486,0.797979797979798,0.898989898989899,7.497053448499088,het_gp_ctx_novegas,nuts,2025,6.0,false,skill,WR
66,6.09724506097272,4.654692730530368,3.3931253790771203,0.524080918718343,0.5757575757575758,0.8484848484848485,0.8939393939393939,6.387728157249414,het_gp,nuts,2025,9.0,false,skill,RB
56,6.591267796811274,4.049190406617313,3.171696087532798,0.6264146225753139,0.6071428571428571,0.8392857142857143,0.9107142857142857,7.039745549546712,het_gp,nuts,2025,9.0,false,skill,TE
96,6.319701171893788,4.808815050306131,3.4727260559507367,0.649070614603747,0.5625,0.875,0.90625,6.5198483222171095,het_gp,nuts,2025,9.0,false,skill,WR
66,6.08842088662018,4.708549585542315,3.3824739196708182,0.536210101867457,0.5303030303030303,0.8333333333333334,0.9090909090909091,6.387728157249414,het_gp_vegas,nuts,2025,9.0,false,skill,RB
56,6.47793550676877,3.9879245903307714,3.1212418464644074,0.6560224745101585,0.5892857142857143,0.875,0.9107142857142857,7.039745549546712,het_gp_vegas,nuts,2025,9.0,false,skill,TE
96,6.320116462728097,4.822597619272895,3.473867308892796,0.6531704509529587,0.5625,0.875,0.9166666666666666,6.5198483222171095,het_gp_vegas,nuts,2025,9.0,false,skill,WR
66,6.059245155483535,4.684299518618468,3.3556449163761877,0.5519091478711294,0.5303030303030303,0.8333333333333334,0.9242424242424242,6.387728157249414,het_gp_ctx,nuts,2025,9.0,false,skill,RB
56,6.473918279033854,4.009280521866832,3.110091920614125,0.6425177383505009,0.6071428571428571,0.8392857142857143,0.9107142857142857,7.039745549546712,het_gp_ctx,nuts,2025,9.0,false,skill,TE
96,6.326102326132965,4.833435781006703,3.4823741836307565,0.6508761716714463,0.5520833333333334,0.875,0.8958333333333334,6.5198483222171095,het_gp_ctx,nuts,2025,9.0,false,skill,WR
66,6.077173837135188,4.646526429557095,3.373424812371785,0.5399260994587518,0.5909090909090909,0.8333333333333334,0.9090909090909091,6.387728157249414,het_gp_ctx_novegas,nuts,2025,9.0,false,skill,RB
56,6.554310926119658,4.033860723518558,3.126615557578668,0.6335259773125513,0.6071428571428571,0.8392857142857143,0.9107142857142857,7.039745549546712,het_gp_ctx_novegas,nuts,2025,9.0,false,skill,TE
96,6.318763474499527,4.811635572626756,3.4802016109758913,0.6518196770564469,0.5729166666666666,0.875,0.8958333333333334,6.5198483222171095,het_gp_ctx_novegas,nuts,2025,9.0,false,skill,WR
62,7.1402636851087316,4.950992792170592,3.676784068544391,0.6834218951477377,0.532258064516129,0.8387096774193549,0.9032258064516129,7.507732801674123,het_gp,nuts,2025,12.0,false,skill,RB
63,4.419082118899515,3.4295061671723386,2.5043157921307464,0.5564699286116945,0.6031746031746031,0.8571428571428571,0.9365079365079365,4.525423583875613,het_gp,nuts,2025,12.0,false,skill,TE
102,6.502259854603347,5.216371723572055,3.622236683521412,0.5003666297562913,0.5098039215686274,0.8333333333333334,0.8921568627450981,6.489036709871379,het_gp,nuts,2025,12.0,false,skill,WR
62,7.170189044867009,4.972920566743191,3.7104913608494074,0.6810043071923177,0.5161290322580645,0.8387096774193549,0.8870967741935484,7.507732801674123,het_gp_vegas,nuts,2025,12.0,false,skill,RB
63,4.3728765029971335,3.3934674459094674,2.483618471928539,0.5738378439316278,0.5873015873015873,0.8571428571428571,0.9682539682539683,4.525423583875613,het_gp_vegas,nuts,2025,12.0,false,skill,TE
102,6.519043569059732,5.259029316225644,3.6323671160227136,0.4894949997456388,0.5098039215686274,0.8333333333333334,0.9019607843137255,6.489036709871379,het_gp_vegas,nuts,2025,12.0,false,skill,WR
62,7.119689743237546,4.922903609406331,3.6761637924490542,0.6809791239844488,0.5161290322580645,0.8387096774193549,0.8870967741935484,7.507732801674123,het_gp_ctx,nuts,2025,12.0,false,skill,RB
63,4.3761490831702785,3.3962339119391802,2.497338480891638,0.5706429162171726,0.6031746031746031,0.8571428571428571,0.9523809523809523,4.525423583875613,het_gp_ctx,nuts,2025,12.0,false,skill,TE
102,6.5229806678732185,5.253049635900126,3.6499171622752224,0.4905193438538783,0.5098039215686274,0.8333333333333334,0.9019607843137255,6.489036709871379,het_gp_ctx,nuts,2025,12.0,false,skill,WR
62,7.113897188054103,4.920999192647921,3.6462430305386015,0.6902213612723558,0.5483870967741935,0.8387096774193549,0.8870967741935484,7.507732801674123,het_gp_ctx_novegas,nuts,2025,12.0,false,skill,RB
63,4.409860055662134,3.410338426844486,2.512550854879634,0.5622352117054483,0.6031746031746031,0.8571428571428571,0.9206349206349206,4.525423583875613,het_gp_ctx_novegas,nuts,2025,12.0,false,skill,TE
102,6.4875697954439415,5.220983241693822,3.6295868741707067,0.5010797090802591,0.5098039215686274,0.8333333333333334,0.8921568627450981,6.489036709871379,het_gp_ctx_novegas,nuts,2025,12.0,false,skill,WR
80,6.512536320496196,5.175490551421074,3.6776730771007946,0.5659928429021358,0.475,0.8125,0.9,6.599133177422488,het_gp,nuts,2025,15.0,false,skill,RB
57,7.708321987088521,4.623517025617852,3.7450773085627267,0.5996661413590337,0.631578947368421,0.7894736842105263,0.8245614035087719,7.7200021712668985,het_gp,nuts,2025,15.0,false,skill,TE
119,5.8853895236888185,4.674273407978162,3.317989766486799,0.5712738661517462,0.5210084033613446,0.865546218487395,0.9411764705882353,6.195818221642818,het_gp,nuts,2025,15.0,false,skill,WR
80,6.459930971108449,5.1153603142982345,3.6632713344138894,0.5878546739851548,0.4625,0.825,0.9,6.599133177422488,het_gp_vegas,nuts,2025,15.0,false,skill,RB
57,7.730402012657915,4.620734049410253,3.745927603357154,0.6099739161132052,0.631578947368421,0.7894736842105263,0.8245614035087719,7.7200021712668985,het_gp_vegas,nuts,2025,15.0,false,skill,TE
119,5.91939794272724,4.693297557539514,3.3362839859107836,0.5570160025226913,0.5294117647058824,0.865546218487395,0.9327731092436975,6.195818221642818,het_gp_vegas,nuts,2025,15.0,false,skill,WR
80,6.4822536166769975,5.14695243942546,3.666919794217589,0.577375061659032,0.4625,0.8125,0.9125,6.599133177422488,het_gp_ctx,nuts,2025,15.0,false,skill,RB
57,7.717711284049594,4.606961430345124,3.734878211604628,0.6040096690856344,0.631578947368421,0.7894736842105263,0.8245614035087719,7.7200021712668985,het_gp_ctx,nuts,2025,15.0,false,skill,TE
119,5.919036838681752,4.702138734796817,3.3355609457743323,0.5560531152841109,0.5042016806722689,0.8823529411764706,0.9327731092436975,6.195818221642818,het_gp_ctx,nuts,2025,15.0,false,skill,WR
80,6.500445597889863,5.165125597905281,3.6822440816218984,0.5749134077569227,0.475,0.8,0.9125,6.599133177422488,het_gp_ctx_novegas,nuts,2025,15.0,false,skill,RB
57,7.726394313530127,4.640086070613058,3.7725845839284,0.5937343087174822,0.631578947368421,0.7894736842105263,0.8245614035087719,7.7200021712668985,het_gp_ctx_novegas,nuts,2025,15.0,false,skill,TE
119,5.888898134251423,4.681218152666173,3.308689752648511,0.5717553097710365,0.5210084033613446,0.8823529411764706,0.9411764705882353,6.195818221642818,het_gp_ctx_novegas,nuts,2025,15.0,false,skill,WR
