model,season,n,elpd,crps,rmse,mae,cov50,cov80,cov95,width50,width80,width95
division,2020,512,-3.9986858885794945,7.362136995642634,13.188309873589779,10.19578831951482,0.546875,0.796875,0.943359375,17.8576683716347,33.923676882218565,51.90295530247813
division,2021,544,-4.064432754101242,7.925146668732668,14.039532943925233,11.177645152801706,0.5018382352941176,0.7738970588235294,0.9301470588235294,17.86520996894838,33.94472377412025,51.82122585716561
division,2022,542,-3.891573529472279,6.58625122428919,11.677061876177396,9.036665037796562,0.5885608856088561,0.8560885608856088,0.9649446494464945,17.844070437682703,33.945909150988534,51.8930730932892
division,2023,544,-4.024114401646597,7.5548545369355455,13.52940922548177,10.437017612910283,0.53125,0.7775735294117647,0.9522058823529411,17.873941718524563,33.96090659349865,51.849369820957214
division,2024,544,-3.9916105809260727,7.333490769174491,13.10165292665539,10.054504280316218,0.5533088235294118,0.8088235294117647,0.9411764705882353,17.904950308284896,33.90076111739754,51.92938597918618
division,2025,544,-3.9792616916049885,7.2825698321010135,12.928242077888981,10.199724195085485,0.5386029411764706,0.7922794117647058,0.9485294117647058,17.899012391907796,33.97427489669642,51.953900976025515
new_offdef,2020,512,-3.998838757391732,7.363158539915909,13.188290850306224,10.196350747816664,0.544921875,0.80078125,0.943359375,17.87072389389927,33.95104466894235,51.966116986639676
new_offdef,2021,544,-4.068407477106364,7.951370630441638,14.090896368383042,11.206534714765716,0.4889705882352941,0.7775735294117647,0.9319852941176471,17.88279431892067,33.9533014268467,51.87584608023709
new_offdef,2022,542,-3.890825096270129,6.582739665108079,11.663987560384186,9.032928168321579,0.5885608856088561,0.8560885608856088,0.9630996309963099,17.854102984633066,33.961168626901866,51.93040250393895
new_offdef,2023,544,-4.022441008218209,7.54380569410926,13.508215174296632,10.408030235353744,0.5441176470588235,0.7738970588235294,0.9466911764705882,17.872908954740335,33.961015384614385,51.894525148632134
new_offdef,2024,544,-3.994804107560389,7.359427598628996,13.143971640562043,10.100532118392133,0.5533088235294118,0.8033088235294118,0.9375,17.897903731777507,33.9409201077105,51.92414739286784
new_offdef,2025,544,-3.983423374290941,7.318678311292725,12.985600404889567,10.236475719437843,0.5257352941176471,0.7996323529411765,0.9466911764705882,17.89180432542088,33.97165365763024,51.94442993926768
old_leveltrend,2020,512,-4.0533105231603,7.764815726532657,13.839198168482527,10.813790898708426,0.51953125,0.794921875,0.931640625,18.115663728795205,34.4798696591311,52.98436818855784
old_leveltrend,2021,544,-4.125659438721803,8.381539711923566,14.832041491591681,11.834266807328865,0.47610294117647056,0.7408088235294118,0.9136029411764706,18.168128874816496,34.57287431590692,52.995045331944695
old_leveltrend,2022,542,-3.9325757004206108,6.890773081658569,12.27247458154382,9.482359252147509,0.5756457564575646,0.8450184501845018,0.9630996309963099,18.09724935965277,34.48290898244835,52.91712675574316
old_leveltrend,2023,544,-4.0718699564427,7.8814052713674,14.121329308526787,10.921433896934662,0.5367647058823529,0.7922794117647058,0.9338235294117647,18.14424362715217,34.524888708266566,52.94160511394513
old_leveltrend,2024,544,-4.067620936007417,7.82245652497958,14.002501439995504,10.693737916330216,0.5514705882352942,0.7922794117647058,0.9319852941176471,18.171114581281557,34.539855368476985,53.03302227668771
old_leveltrend,2025,544,-4.034593151183872,7.700913220592323,13.662672144962725,10.727281188464861,0.5238970588235294,0.7775735294117647,0.9485294117647058,18.15744600541197,34.535791880162776,53.0087867312404
