model,phase,n,elpd,crps,rmse,mae,cov50,cov80,cov95,width50,width80,width95
division,wk 01-04,892,-3.997177625273816,7.332909195602655,13.172108483957008,10.119983712706466,0.5504484304932735,0.8071748878923767,0.9461883408071748,17.92134800426461,34.0988888198731,52.132322458226994
division,wk 05-09,1006,-4.003949766586631,7.441249146846204,13.264849074858374,10.323568964352535,0.5298210735586482,0.8061630218687873,0.941351888667992,17.83513527062307,33.891013592143686,51.808095242839606
division,wk 10+,1844,-3.996143990880231,7.403205612738687,13.159047118925194,10.274928141435131,0.5341648590021691,0.7922993492407809,0.9490238611713666,17.829644162924836,33.80749564057229,51.70164910895641
new_offdef,wk 01-04,892,-3.9976904068831107,7.337550684191235,13.181217856309384,10.116714783210801,0.5437219730941704,0.8116591928251121,0.9394618834080718,17.910014364368607,34.074318465661314,52.09023869608925
new_offdef,wk 05-09,1006,-4.005552564950829,7.458858445694401,13.285376827973389,10.366582790841493,0.525844930417495,0.8021868787276342,0.9403578528827038,17.80579305376465,33.82796728744211,51.73697440140875
new_offdef,wk 10+,1844,-3.9970422886615182,7.410220919948705,13.171135572321527,10.290466830643137,0.5287418655097614,0.789587852494577,0.9490238611713666,17.784068913290458,33.75533443288563,51.60352248821084
old_leveltrend,wk 01-04,892,-4.029640861003364,7.578895074781092,13.616705259139437,10.47849146710936,0.5437219730941704,0.8004484304932735,0.9383408071748879,17.94831463835935,34.23500716792567,52.54963538453849
old_leveltrend,wk 05-09,1006,-4.057329476622964,7.807685614437466,13.871325961678123,10.862958873985752,0.5139165009940357,0.7842942345924453,0.9353876739562624,17.992750066294988,34.28584523148596,52.649935225234486
old_leveltrend,wk 10+,1844,-4.060536746760294,7.848489600812632,13.957930389673418,10.946813338371808,0.5200650759219089,0.7749457700650759,0.9338394793926247,18.009802975783625,34.27641629505792,52.608438150009135
